t_usec,elapsed_sec,frame_ms,fps,process_ms,physics_ms,enemies,projectiles,physics_objects,nodes,chunks,flow_building,sim_full,sim_mid,sim_far,sim_protected,sim_physics_enabled,sim_pressure,sim_spatial_demotions,tier_changes_total,tier_reversals_total,world_materialized,world_data_only
632046107,600.667331,6.838,145.0,1.78,0.273,0,0,0,1960,0,false,0,0,0,0,0,0,0,2805,912,0,0
632053012,600.674236,6.919,145.0,1.78,0.273,0,0,0,1960,0,false,0,0,0,0,0,0,0,2805,912,0,0
632059927,600.681151,6.882,145.0,1.78,0.273,0,0,0,1960,0,false,0,0,0,0,0,0,0,2805,912,0,0
632066819,600.688043,6.94444444444444,145.0,1.78,0.273,0,0,0,1960,0,false,0,0,0,0,0,0,0,2805,912,0,0
632073727,600.694951,6.86955555555555,145.0,1.78,0.273,0,0,0,1960,0,false,0,0,0,0,0,0,0,2805,912,0,0
632080532,600.701756,6.87,145.0,1.78,0.273,0,0,0,1960,0,false,0,0,0,0,0,0,0,2805,912,0,0
632087529,600.708753,6.94444444444444,145.0,1.78,0.273,0,0,0,1960,0,false,0,0,0,0,0,0,0,2805,912,0,0
632094491,600.715715,6.93055555555556,145.0,1.78,0.273,0,0,0,1960,0,false,0,0,0,0,0,0,0,2805,912,0,0
632101258,600.722482,6.863,145.0,1.78,0.273,0,0,0,1960,0,false,0,0,0,0,0,0,0,2805,912,0,0
632108274,600.729498,6.912,145.0,1.78,0.273,0,0,0,1960,0,false,0,0,0,0,0,0,0,2805,912,0,0
632115104,600.736328,6.931,145.0,1.78,0.273,0,0,0,1960,0,false,0,0,0,0,0,0,0,2805,912,0,0
632121991,600.743215,6.883,145.0,1.78,0.273,0,0,0,1960,0,false,0,0,0,0,0,0,0,2805,912,0,0
632128968,600.750192,6.852,145.0,1.78,0.273,0,0,0,1960,0,false,0,0,0,0,0,0,0,2805,912,0,0
632135741,600.756965,6.909,145.0,1.78,0.273,0,0,0,1960,0,false,0,0,0,0,0,0,0,2805,912,0,0
632142703,600.763927,6.897,145.0,1.78,0.273,0,0,0,1960,0,false,0,0,0,0,0,0,0,2805,912,0,0
632149516,600.77074,6.878,145.0,1.78,0.273,0,0,0,1960,0,false,0,0,0,0,0,0,0,2805,912,0,0
632156657,600.777881,6.94444444444444,145.0,1.78,0.273,0,0,0,1960,0,false,0,0,0,0,0,0,0,2805,912,0,0
632163493,600.784717,6.94444444444444,145.0,1.78,0.273,0,0,0,1960,0,false,0,0,0,0,0,0,0,2805,912,0,0
632170294,600.791518,6.86911111111111,145.0,1.78,0.273,0,0,0,1960,0,false,0,0,0,0,0,0,0,2805,912,0,0
632177286,600.79851,6.906,145.0,1.78,0.273,0,0,0,1960,0,false,0,0,0,0,0,0,0,2805,912,0,0
632184140,600.805364,6.94,145.0,1.78,0.273,0,0,0,1960,0,false,0,0,0,0,0,0,0,2805,912,0,0
632191185,600.812409,6.94444444444444,145.0,1.78,0.273,0,0,0,1960,0,false,0,0,0,0,0,0,0,2805,912,0,0
632197997,600.819221,6.90355555555556,145.0,1.78,0.273,0,0,0,1960,0,false,0,0,0,0,0,0,0,2805,912,0,0
632204859,600.826083,6.871,145.0,1.78,0.273,0,0,0,1960,0,false,0,0,0,0,0,0,0,2805,912,0,0
632211770,600.832994,6.833,145.0,1.78,0.273,0,0,0,1960,0,false,0,0,0,0,0,0,0,2805,912,0,0
632218582,600.839806,6.89,145.0,1.78,0.273,0,0,0,1960,0,false,0,0,0,0,0,0,0,2805,912,0,0
632225599,600.846823,6.941,145.0,1.78,0.273,0,0,0,1960,0,false,0,0,0,0,0,0,0,2805,912,0,0
632232473,600.853697,6.94444444444444,145.0,1.78,0.273,0,0,0,1960,0,false,0,0,0,0,0,0,0,2805,912,0,0
632239353,600.860577,6.87955555555556,145.0,1.78,0.273,0,0,0,1960,0,false,0,0,0,0,0,0,0,2805,912,0,0
632246330,600.867554,6.904,145.0,1.78,0.273,0,0,0,1960,0,false,0,0,0,0,0,0,0,2805,912,0,0
632253201,600.874425,6.906,145.0,1.78,0.273,0,0,0,1960,0,false,0,0,0,0,0,0,0,2805,912,0,0
632260163,600.881387,6.929,145.0,1.78,0.273,0,0,0,1960,0,false,0,0,0,0,0,0,0,2805,912,0,0
632266944,600.888168,6.856,145.0,1.78,0.273,0,0,0,1960,0,false,0,0,0,0,0,0,0,2805,912,0,0
632274107,600.895331,6.94444444444444,145.0,1.78,0.273,0,0,0,1960,0,false,0,0,0,0,0,0,0,2805,912,0,0
632280732,600.901956,6.81655555555556,145.0,1.78,0.273,0,0,0,1960,0,false,0,0,0,0,0,0,0,2805,912,0,0
632287582,600.908806,6.872,145.0,1.78,0.273,0,0,0,1960,0,false,0,0,0,0,0,0,0,2805,912,0,0
632294640,600.915864,6.94444444444444,145.0,1.78,0.273,0,0,0,1960,0,false,0,0,0,0,0,0,0,2805,912,0,0
632301422,600.922646,6.91355555555556,145.0,1.78,0.273,0,0,0,1960,0,false,0,0,0,0,0,0,0,2805,912,0,0
632308279,600.929503,6.809,145.0,1.78,0.273,0,0,0,1960,0,false,0,0,0,0,0,0,0,2805,912,0,0
632315208,600.936432,6.94444444444444,145.0,1.78,0.273,0,0,0,1960,0,false,0,0,0,0,0,0,0,2805,912,0,0
632322034,600.943258,6.88155555555555,145.0,1.78,0.273,0,0,0,1960,0,false,0,0,0,0,0,0,0,2805,912,0,0
632329015,600.950239,6.938,145.0,1.78,0.273,0,0,0,1960,0,false,0,0,0,0,0,0,0,2805,912,0,0
632335894,600.957118,6.916,145.0,1.78,0.273,0,0,0,1960,0,false,0,0,0,0,0,0,0,2805,912,0,0
632342875,600.964099,6.883,145.0,1.78,0.273,0,0,0,1960,0,false,0,0,0,0,0,0,0,2805,912,0,0
632349628,600.970852,6.849,145.0,1.78,0.273,0,0,0,1960,0,false,0,0,0,0,0,0,0,2805,912,0,0
632356681,600.977905,6.94444444444444,145.0,1.78,0.273,0,0,0,1960,0,false,0,0,0,0,0,0,0,2805,912,0,0
632363558,600.984782,6.92155555555556,145.0,1.78,0.273,0,0,0,1960,0,false,0,0,0,0,0,0,0,2805,912,0,0
632370496,600.99172,6.944,145.0,1.78,0.273,0,0,0,1960,0,false,0,0,0,0,0,0,0,2805,912,0,0
632377576,600.9988,6.914,145.0,1.78,0.273,0,0,0,1960,0,false,0,0,0,0,0,0,0,2805,912,0,0
632384216,601.00544,6.831,145.0,1.78,0.273,0,0,0,1960,0,false,0,0,0,0,0,0,0,2805,912,0,0
632391131,601.012355,6.85,145.0,1.78,0.273,0,0,0,1960,0,false,0,0,0,0,0,0,0,2805,912,0,0
632398026,601.01925,6.94444444444444,145.0,1.78,0.273,0,0,0,1960,0,false,0,0,0,0,0,0,0,2805,912,0,0
632404901,601.026125,6.90255555555555,145.0,1.78,0.273,0,0,0,1960,0,false,0,0,0,0,0,0,0,2805,912,0,0
632411789,601.033013,6.861,145.0,1.78,0.273,0,0,0,1960,0,false,0,0,0,0,0,0,0,2805,912,0,0
632418616,601.03984,6.875,145.0,1.78,0.273,0,0,0,1960,0,false,0,0,0,0,0,0,0,2805,912,0,0
632425869,601.047093,6.92,145.0,1.78,0.273,0,0,0,1960,0,false,0,0,0,0,0,0,0,2805,912,0,0
632432498,601.053722,6.929,145.0,1.78,0.273,0,0,0,1960,0,false,0,0,0,0,0,0,0,2805,912,0,0
632439480,601.060704,6.94444444444444,145.0,1.78,0.273,0,0,0,1960,0,false,0,0,0,0,0,0,0,2805,912,0,0
632446500,601.067724,6.90655555555555,145.0,1.78,0.273,0,0,0,1960,0,false,0,0,0,0,0,0,0,2805,912,0,0
632453303,601.074527,6.917,145.0,1.78,0.273,0,0,0,1960,0,false,0,0,0,0,0,0,0,2805,912,0,0
632460226,601.08145,6.885,145.0,1.78,0.273,0,0,0,1960,0,false,0,0,0,0,0,0,0,2805,912,0,0
632467050,601.088274,6.907,145.0,1.78,0.273,0,0,0,1960,0,false,0,0,0,0,0,0,0,2805,912,0,0
632473977,601.095201,6.85,145.0,1.78,0.273,0,0,0,1960,0,false,0,0,0,0,0,0,0,2805,912,0,0
632480849,601.102073,6.94444444444444,145.0,1.78,0.273,0,0,0,1960,0,false,0,0,0,0,0,0,0,2805,912,0,0
632487687,601.108911,6.84255555555556,145.0,1.78,0.273,0,0,0,1960,0,false,0,0,0,0,0,0,0,2805,912,0,0
632494704,601.115928,6.924,145.0,1.78,0.273,0,0,0,1960,0,false,0,0,0,0,0,0,0,2805,912,0,0
632501616,601.12284,6.94444444444444,145.0,1.78,0.273,0,0,0,1960,0,false,0,0,0,0,0,0,0,2805,912,0,0
632508569,601.129793,6.93655555555556,145.0,1.78,0.273,0,0,0,1960,0,false,0,0,0,0,0,0,0,2805,912,0,0
632515349,601.136573,6.858,145.0,1.78,0.273,0,0,0,1960,0,false,0,0,0,0,0,0,0,2805,912,0,0
632522295,601.143519,6.933,145.0,1.78,0.273,0,0,0,1960,0,false,0,0,0,0,0,0,0,2805,912,0,0
632529282,601.150506,6.873,145.0,1.78,0.273,0,0,0,1960,0,false,0,0,0,0,0,0,0,2805,912,0,0
632536062,601.157286,6.905,145.0,1.78,0.273,0,0,0,1960,0,false,0,0,0,0,0,0,0,2805,912,0,0
632542995,601.164219,6.843,145.0,1.78,0.273,0,0,0,1960,0,false,0,0,0,0,0,0,0,2805,912,0,0
632549906,601.17113,6.94444444444444,145.0,1.78,0.273,0,0,0,1960,0,false,0,0,0,0,0,0,0,2805,912,0,0
632556961,601.178185,6.84855555555555,145.0,1.78,0.273,0,0,0,1960,0,false,0,0,0,0,0,0,0,2805,912,0,0
632563587,601.184811,6.882,145.0,1.78,0.273,0,0,0,1960,0,false,0,0,0,0,0,0,0,2805,912,0,0
632570544,601.191768,6.94444444444444,145.0,1.78,0.273,0,0,0,1960,0,false,0,0,0,0,0,0,0,2805,912,0,0
632577527,601.198751,6.94444444444444,145.0,1.78,0.273,0,0,0,1960,0,false,0,0,0,0,0,0,0,2805,912,0,0
632584263,601.205487,6.81511111111111,145.0,1.78,0.273,0,0,0,1960,0,false,0,0,0,0,0,0,0,2805,912,0,0
632591274,601.212498,6.876,145.0,1.78,0.273,0,0,0,1960,0,false,0,0,0,0,0,0,0,2805,912,0,0
632598110,601.219334,6.94444444444444,145.0,1.78,0.273,0,0,0,1960,0,false,0,0,0,0,0,0,0,2805,912,0,0
632604908,601.226132,6.83555555555555,145.0,1.78,0.273,0,0,0,1960,0,false,0,0,0,0,0,0,0,2805,912,0,0
632611937,601.233161,6.94444444444444,145.0,1.78,0.273,0,0,0,1960,0,false,0,0,0,0,0,0,0,2805,912,0,0
632618783,601.240007,6.92755555555556,145.0,1.78,0.273,0,0,0,1960,0,false,0,0,0,0,0,0,0,2805,912,0,0
632625716,601.24694,6.858,145.0,1.78,0.273,0,0,0,1960,0,false,0,0,0,0,0,0,0,2805,912,0,0
632632592,601.253816,6.921,145.0,1.78,0.273,0,0,0,1960,0,false,0,0,0,0,0,0,0,2805,912,0,0
632639590,601.260814,6.94444444444444,145.0,1.78,0.273,0,0,0,1960,0,false,0,0,0,0,0,0,0,2805,912,0,0
632646549,601.267773,6.90155555555555,145.0,1.78,0.273,0,0,0,1960,0,false,0,0,0,0,0,0,0,2805,912,0,0
632653466,601.27469,6.94444444444444,145.0,1.78,0.273,0,0,0,1960,0,false,0,0,0,0,0,0,0,2805,912,0,0
632660330,601.281554,6.86655555555556,145.0,1.78,0.273,0,0,0,1960,0,false,0,0,0,0,0,0,0,2805,912,0,0
632667095,601.288319,6.847,145.0,1.78,0.273,0,0,0,1960,0,false,0,0,0,0,0,0,0,2805,912,0,0
632674064,601.295288,6.892,145.0,1.78,0.273,0,0,0,1960,0,false,0,0,0,0,0,0,0,2805,912,0,0
632680885,601.302109,6.899,145.0,1.78,0.273,0,0,0,1960,0,false,0,0,0,0,0,0,0,2805,912,0,0
632687825,601.309049,6.932,145.0,1.78,0.273,0,0,0,1960,0,false,0,0,0,0,0,0,0,2805,912,0,0
632694767,601.315991,6.871,145.0,1.78,0.273,0,0,0,1960,0,false,0,0,0,0,0,0,0,2805,912,0,0
632701586,601.32281,6.896,145.0,1.78,0.273,0,0,0,1960,0,false,0,0,0,0,0,0,0,2805,912,0,0
632708677,601.329901,6.94444444444444,145.0,1.78,0.273,0,0,0,1960,0,false,0,0,0,0,0,0,0,2805,912,0,0
632715515,601.336739,6.94444444444444,145.0,1.78,0.273,0,0,0,1960,0,false,0,0,0,0,0,0,0,2805,912,0,0
632722395,601.343619,6.88311111111111,145.0,1.78,0.273,0,0,0,1960,0,false,0,0,0,0,0,0,0,2805,912,0,0
632729400,601.350624,6.895,145.0,1.78,0.273,0,0,0,1960,0,false,0,0,0,0,0,0,0,2805,912,0,0
632736075,601.357299,6.817,145.0,1.78,0.273,0,0,0,1960,0,false,0,0,0,0,0,0,0,2805,912,0,0
632743095,601.364319,6.94444444444444,145.0,1.78,0.273,0,0,0,1960,0,false,0,0,0,0,0,0,0,2805,912,0,0
632749875,601.371099,6.88655555555556,145.0,1.78,0.273,0,0,0,1960,0,false,0,0,0,0,0,0,0,2805,912,0,0
632756835,601.378059,6.882,145.0,1.78,0.273,0,0,0,1960,0,false,0,0,0,0,0,0,0,2805,912,0,0
632763640,601.384864,6.873,145.0,1.78,0.273,0,0,0,1960,0,false,0,0,0,0,0,0,0,2805,912,0,0
632770518,601.391742,6.891,145.0,1.78,0.273,0,0,0,1960,0,false,0,0,0,0,0,0,0,2805,912,0,0
632777584,601.398808,6.908,145.0,1.78,0.273,0,0,0,1960,0,false,0,0,0,0,0,0,0,2805,912,0,0
632784442,601.405666,6.94444444444444,145.0,1.78,0.273,0,0,0,1960,0,false,0,0,0,0,0,0,0,2805,912,0,0
632791549,601.412773,6.94444444444444,145.0,1.78,0.273,0,0,0,1960,0,false,0,0,0,0,0,0,0,2805,912,0,0
632798286,601.41951,6.93111111111111,145.0,1.78,0.273,0,0,0,1960,0,false,0,0,0,0,0,0,0,2805,912,0,0
632805171,601.426395,6.895,145.0,1.78,0.273,0,0,0,1960,0,false,0,0,0,0,0,0,0,2805,912,0,0
632812129,601.433353,6.866,145.0,1.78,0.273,0,0,0,1960,0,false,0,0,0,0,0,0,0,2805,912,0,0
632818916,601.44014,6.893,145.0,1.78,0.273,0,0,0,1960,0,false,0,0,0,0,0,0,0,2805,912,0,0
632825750,601.446974,6.811,145.0,1.78,0.273,0,0,0,1960,0,false,0,0,0,0,0,0,0,2805,912,0,0
632832601,601.453825,6.896,145.0,1.78,0.273,0,0,0,1960,0,false,0,0,0,0,0,0,0,2805,912,0,0
632839450,601.460674,6.853,145.0,1.78,0.273,0,0,0,1960,0,false,0,0,0,0,0,0,0,2805,912,0,0
632846482,601.467706,6.94444444444444,145.0,1.78,0.273,0,0,0,1960,0,false,0,0,0,0,0,0,0,2805,912,0,0
632853309,601.474533,6.90055555555556,145.0,1.78,0.273,0,0,0,1960,0,false,0,0,0,0,0,0,0,2805,912,0,0
632860263,601.481487,6.9,145.0,1.78,0.273,0,0,0,1960,0,false,0,0,0,0,0,0,0,2805,912,0,0
632867117,601.488341,6.905,145.0,1.78,0.273,0,0,0,1960,0,false,0,0,0,0,0,0,0,2805,912,0,0
632874192,601.495416,6.94444444444444,145.0,1.78,0.273,0,0,0,1960,0,false,0,0,0,0,0,0,0,2805,912,0,0
632880885,601.502109,6.84155555555556,145.0,1.78,0.273,0,0,0,1960,0,false,0,0,0,0,0,0,0,2805,912,0,0
632887925,601.509149,6.94444444444444,145.0,1.78,0.273,0,0,0,1960,0,false,0,0,0,0,0,0,0,2805,912,0,0
632894709,601.515933,6.85455555555555,145.0,1.78,0.273,0,0,0,1960,0,false,0,0,0,0,0,0,0,2805,912,0,0
632901581,601.522805,6.901,145.0,1.78,0.273,0,0,0,1960,0,false,0,0,0,0,0,0,0,2805,912,0,0
632908510,601.529734,6.902,145.0,1.78,0.273,0,0,0,1960,0,false,0,0,0,0,0,0,0,2805,912,0,0
632915516,601.53674,6.94444444444444,145.0,1.78,0.273,0,0,0,1960,0,false,0,0,0,0,0,0,0,2805,912,0,0
632922428,601.543652,6.94444444444444,145.0,1.78,0.273,0,0,0,1960,0,false,0,0,0,0,0,0,0,2805,912,0,0
632929496,601.55072,6.87811111111111,145.0,1.78,0.273,0,0,0,1960,0,false,0,0,0,0,0,0,0,2805,912,0,0
632936200,601.557424,6.924,145.0,1.78,0.273,0,0,0,1960,0,false,0,0,0,0,0,0,0,2805,912,0,0
632943207,601.564431,6.871,145.0,1.78,0.273,0,0,0,1960,0,false,0,0,0,0,0,0,0,2805,912,0,0
632950002,601.571226,6.889,145.0,1.78,0.273,0,0,0,1960,0,false,0,0,0,0,0,0,0,2805,912,0,0
632957100,601.578324,6.94444444444444,145.0,1.78,0.273,0,0,0,1960,0,false,0,0,0,0,0,0,0,2805,912,0,0
632963784,601.585008,6.86355555555556,145.0,1.78,0.273,0,0,0,1960,0,false,0,0,0,0,0,0,0,2805,912,0,0
632970742,601.591966,6.925,145.0,1.78,0.273,0,0,0,1960,0,false,0,0,0,0,0,0,0,2805,912,0,0
632977785,601.599009,6.892,145.0,1.78,0.273,0,0,0,1960,0,false,0,0,0,0,0,0,0,2805,912,0,0
632984575,601.605799,6.94444444444444,145.0,1.78,0.273,0,0,0,1960,0,false,0,0,0,0,0,0,0,2805,912,0,0
632991587,601.612811,6.87855555555555,145.0,1.78,0.273,0,0,0,1960,0,false,0,0,0,0,0,0,0,2805,912,0,0
632998296,601.61952,6.874,145.0,1.78,0.273,0,0,0,1960,0,false,0,0,0,0,0,0,0,2805,912,0,0
633005145,601.626369,6.851,145.0,1.78,0.273,0,0,0,1960,0,false,0,0,0,0,0,0,0,2805,912,0,0
633012076,601.6333,6.89,145.0,1.587,0.308,0,0,0,1960,0,false,0,0,0,0,0,0,0,2805,912,0,0
633018980,601.640204,6.94444444444444,145.0,1.587,0.308,0,0,0,1960,0,false,0,0,0,0,0,0,0,2805,912,0,0
633025914,601.647138,6.91455555555555,145.0,1.587,0.308,0,0,0,1960,0,false,0,0,0,0,0,0,0,2805,912,0,0
633032801,601.654025,6.932,145.0,1.587,0.308,0,0,0,1960,0,false,0,0,0,0,0,0,0,2805,912,0,0
633039637,601.660861,6.829,145.0,1.587,0.308,0,0,0,1960,0,false,0,0,0,0,0,0,0,2805,912,0,0
633046674,601.667898,6.917,145.0,1.587,0.308,0,0,0,1960,0,false,0,0,0,0,0,0,0,2805,912,0,0
633053630,601.674854,6.94444444444444,145.0,1.587,0.308,0,0,0,1960,0,false,0,0,0,0,0,0,0,2805,912,0,0
633060602,601.681826,6.87355555555556,145.0,1.587,0.308,0,0,0,1960,0,false,0,0,0,0,0,0,0,2805,912,0,0
633067413,601.688637,6.94444444444444,145.0,1.587,0.308,0,0,0,1960,0,false,0,0,0,0,0,0,0,2805,912,0,0
633074303,601.695527,6.88355555555555,145.0,1.587,0.308,0,0,0,1960,0,false,0,0,0,0,0,0,0,2805,912,0,0
633081152,601.702376,6.93,145.0,1.587,0.308,0,0,0,1960,0,false,0,0,0,0,0,0,0,2805,912,0,0
633088046,601.70927,6.894,145.0,1.587,0.308,0,0,0,1960,0,false,0,0,0,0,0,0,0,2805,912,0,0
633095054,601.716278,6.928,145.0,1.587,0.308,0,0,0,1960,0,false,0,0,0,0,0,0,0,2805,912,0,0
633101829,601.723053,6.855,145.0,1.587,0.308,0,0,0,1960,0,false,0,0,0,0,0,0,0,2805,912,0,0
633108898,601.730122,6.897,145.0,1.587,0.308,0,0,0,1960,0,false,0,0,0,0,0,0,0,2805,912,0,0
633115689,601.736913,6.94444444444444,145.0,1.587,0.308,0,0,0,1960,0,false,0,0,0,0,0,0,0,2805,912,0,0
633122530,601.743754,6.83555555555556,145.0,1.587,0.308,0,0,0,1960,0,false,0,0,0,0,0,0,0,2805,912,0,0
633129629,601.750853,6.94444444444444,145.0,1.587,0.308,0,0,0,1960,0,false,0,0,0,0,0,0,0,2805,912,0,0
633136430,601.757654,6.91655555555556,145.0,1.587,0.308,0,0,0,1960,0,false,0,0,0,0,0,0,0,2805,912,0,0
633143281,601.764505,6.858,145.0,1.587,0.308,0,0,0,1960,0,false,0,0,0,0,0,0,0,2805,912,0,0
633150061,601.771285,6.828,145.0,1.587,0.308,0,0,0,1960,0,false,0,0,0,0,0,0,0,2805,912,0,0
633157127,601.778351,6.912,145.0,1.587,0.308,0,0,0,1960,0,false,0,0,0,0,0,0,0,2805,912,0,0
633163916,601.78514,6.94444444444444,145.0,1.587,0.308,0,0,0,1960,0,false,0,0,0,0,0,0,0,2805,912,0,0
633170796,601.79202,6.91755555555556,145.0,1.587,0.308,0,0,0,1960,0,false,0,0,0,0,0,0,0,2805,912,0,0
633177697,601.798921,6.851,145.0,1.587,0.308,0,0,0,1960,0,false,0,0,0,0,0,0,0,2805,912,0,0
633184506,601.80573,6.86,145.0,1.587,0.308,0,0,0,1960,0,false,0,0,0,0,0,0,0,2805,912,0,0
633191481,601.812705,6.913,145.0,1.587,0.308,0,0,0,1960,0,false,0,0,0,0,0,0,0,2805,912,0,0
633198435,601.819659,6.94444444444444,145.0,1.587,0.308,0,0,0,1960,0,false,0,0,0,0,0,0,0,2805,912,0,0
633205419,601.826643,6.94444444444444,145.0,1.587,0.308,0,0,0,1960,0,false,0,0,0,0,0,0,0,2805,912,0,0
633212492,601.833716,6.91511111111111,145.0,1.587,0.308,0,0,0,1960,0,false,0,0,0,0,0,0,0,2805,912,0,0
633219119,601.840343,6.851,145.0,1.587,0.308,0,0,0,1960,0,false,0,0,0,0,0,0,0,2805,912,0,0
633226163,601.847387,6.94444444444444,145.0,1.587,0.308,0,0,0,1960,0,false,0,0,0,0,0,0,0,2805,912,0,0
633232939,601.854163,6.88855555555555,145.0,1.587,0.308,0,0,0,1960,0,false,0,0,0,0,0,0,0,2805,912,0,0
633239956,601.86118,6.937,145.0,1.587,0.308,0,0,0,1960,0,false,0,0,0,0,0,0,0,2805,912,0,0
633246689,601.867913,6.813,145.0,1.587,0.308,0,0,0,1960,0,false,0,0,0,0,0,0,0,2805,912,0,0
633253596,601.87482,6.906,145.0,1.587,0.308,0,0,0,1960,0,false,0,0,0,0,0,0,0,2805,912,0,0
633260709,601.881933,6.94444444444444,145.0,1.587,0.308,0,0,0,1960,0,false,0,0,0,0,0,0,0,2805,912,0,0
633267484,601.888708,6.94055555555556,145.0,1.587,0.308,0,0,0,1960,0,false,0,0,0,0,0,0,0,2805,912,0,0
633274546,601.89577,6.86,145.0,1.587,0.308,0,0,0,1960,0,false,0,0,0,0,0,0,0,2805,912,0,0
633281253,601.902477,6.911,145.0,1.587,0.308,0,0,0,1960,0,false,0,0,0,0,0,0,0,2805,912,0,0
633288153,601.909377,6.902,145.0,1.587,0.308,0,0,0,1960,0,false,0,0,0,0,0,0,0,2805,912,0,0
633295260,601.916484,6.884,145.0,1.587,0.308,0,0,0,1960,0,false,0,0,0,0,0,0,0,2805,912,0,0
633301925,601.923149,6.889,145.0,1.587,0.308,0,0,0,1960,0,false,0,0,0,0,0,0,0,2805,912,0,0
633308909,601.930133,6.867,145.0,1.587,0.308,0,0,0,1960,0,false,0,0,0,0,0,0,0,2805,912,0,0
633315710,601.936934,6.902,145.0,1.587,0.308,0,0,0,1960,0,false,0,0,0,0,0,0,0,2805,912,0,0
633322592,601.943816,6.897,145.0,1.587,0.308,0,0,0,1960,0,false,0,0,0,0,0,0,0,2805,912,0,0
633329709,601.950933,6.94444444444444,145.0,1.587,0.308,0,0,0,1960,0,false,0,0,0,0,0,0,0,2805,912,0,0
633336505,601.957729,6.94444444444444,145.0,1.587,0.308,0,0,0,1960,0,false,0,0,0,0,0,0,0,2805,912,0,0
633343486,601.96471,6.90011111111111,145.0,1.587,0.308,0,0,0,1960,0,false,0,0,0,0,0,0,0,2805,912,0,0
633350245,601.971469,6.863,145.0,1.587,0.308,0,0,0,1960,0,false,0,0,0,0,0,0,0,2805,912,0,0
633357222,601.978446,6.902,145.0,1.587,0.308,0,0,0,1960,0,false,0,0,0,0,0,0,0,2805,912,0,0
633364044,601.985268,6.899,145.0,1.587,0.308,0,0,0,1960,0,false,0,0,0,0,0,0,0,2805,912,0,0
633370956,601.99218,6.911,145.0,1.587,0.308,0,0,0,1960,0,false,0,0,0,0,0,0,0,2805,912,0,0
633377934,601.999158,6.878,145.0,1.587,0.308,0,0,0,1960,0,false,0,0,0,0,0,0,0,2805,912,0,0
633384698,602.005922,6.852,145.0,1.587,0.308,0,0,0,1960,0,false,0,0,0,0,0,0,0,2805,912,0,0
633391690,602.012914,6.924,145.0,1.587,0.308,0,0,0,1960,0,false,0,0,0,0,0,0,0,2805,912,0,0
633398560,602.019784,6.94444444444444,145.0,1.587,0.308,0,0,0,1960,0,false,0,0,0,0,0,0,0,2805,912,0,0
633405467,602.026691,6.91355555555556,145.0,1.587,0.308,0,0,0,1960,0,false,0,0,0,0,0,0,0,2805,912,0,0
633412545,602.033769,6.917,145.0,1.587,0.308,0,0,0,1960,0,false,0,0,0,0,0,0,0,2805,912,0,0
633419244,602.040468,6.86,145.0,1.587,0.308,0,0,0,1960,0,false,0,0,0,0,0,0,0,2805,912,0,0
633426333,602.047557,6.908,145.0,1.587,0.308,0,0,0,1960,0,false,0,0,0,0,0,0,0,2805,912,0,0
633433501,602.054725,6.924,145.0,1.587,0.308,0,0,0,1960,0,false,0,0,0,0,0,0,0,2805,912,0,0
633439999,602.061223,6.813,145.0,1.587,0.308,0,0,0,1960,0,false,0,0,0,0,0,0,0,2805,912,0,0
633446865,602.068089,6.94444444444444,145.0,1.587,0.308,0,0,0,1960,0,false,0,0,0,0,0,0,0,2805,912,0,0
633453692,602.074916,6.85855555555556,145.0,1.587,0.308,0,0,0,1960,0,false,0,0,0,0,0,0,0,2805,912,0,0
633460741,602.081965,6.894,145.0,1.587,0.308,0,0,0,1960,0,false,0,0,0,0,0,0,0,2805,912,0,0
633467614,602.088838,6.94444444444444,145.0,1.587,0.308,0,0,0,1960,0,false,0,0,0,0,0,0,0,2805,912,0,0
633474580,602.095804,6.94444444444444,145.0,1.587,0.308,0,0,0,1960,0,false,0,0,0,0,0,0,0,2805,912,0,0
633481344,602.102568,6.86811111111111,145.0,1.587,0.308,0,0,0,1960,0,false,0,0,0,0,0,0,0,2805,912,0,0
633488249,602.109473,6.905,145.0,1.587,0.308,0,0,0,1960,0,false,0,0,0,0,0,0,0,2805,912,0,0
633495224,602.116448,6.896,145.0,1.587,0.308,0,0,0,1960,0,false,0,0,0,0,0,0,0,2805,912,0,0
633502144,602.123368,6.94444444444444,145.0,1.587,0.308,0,0,0,1960,0,false,0,0,0,0,0,0,0,2805,912,0,0
633509060,602.130284,6.89255555555556,145.0,1.587,0.308,0,0,0,1960,0,false,0,0,0,0,0,0,0,2805,912,0,0
633515850,602.137074,6.869,145.0,1.587,0.308,0,0,0,1960,0,false,0,0,0,0,0,0,0,2805,912,0,0
633522690,602.143914,6.839,145.0,1.587,0.308,0,0,0,1960,0,false,0,0,0,0,0,0,0,2805,912,0,0
633529722,602.150946,6.914,145.0,1.587,0.308,0,0,0,1960,0,false,0,0,0,0,0,0,0,2805,912,0,0
633536612,602.157836,6.94444444444444,145.0,1.587,0.308,0,0,0,1960,0,false,0,0,0,0,0,0,0,2805,912,0,0
633543572,602.164796,6.94444444444444,145.0,1.587,0.308,0,0,0,1960,0,false,0,0,0,0,0,0,0,2805,912,0,0
633550377,602.171601,6.86011111111111,145.0,1.587,0.308,0,0,0,1960,0,false,0,0,0,0,0,0,0,2805,912,0,0
633557335,602.178559,6.904,145.0,1.587,0.308,0,0,0,1960,0,false,0,0,0,0,0,0,0,2805,912,0,0
633564148,602.185372,6.892,145.0,1.587,0.308,0,0,0,1960,0,false,0,0,0,0,0,0,0,2805,912,0,0
633571080,602.192304,6.932,145.0,1.587,0.308,0,0,0,1960,0,false,0,0,0,0,0,0,0,2805,912,0,0
633578063,602.199287,6.87,145.0,1.587,0.308,0,0,0,1960,0,false,0,0,0,0,0,0,0,2805,912,0,0
633584871,602.206095,6.919,145.0,1.587,0.308,0,0,0,1960,0,false,0,0,0,0,0,0,0,2805,912,0,0
633591834,602.213058,6.83,145.0,1.587,0.308,0,0,0,1960,0,false,0,0,0,0,0,0,0,2805,912,0,0
633598571,602.219795,6.868,145.0,1.587,0.308,0,0,0,1960,0,false,0,0,0,0,0,0,0,2805,912,0,0
633605575,602.226799,6.94444444444444,145.0,1.587,0.308,0,0,0,1960,0,false,0,0,0,0,0,0,0,2805,912,0,0
633612544,602.233768,6.94444444444444,145.0,1.587,0.308,0,0,0,1960,0,false,0,0,0,0,0,0,0,2805,912,0,0
633619377,602.240601,6.89511111111111,145.0,1.587,0.308,0,0,0,1960,0,false,0,0,0,0,0,0,0,2805,912,0,0
633626330,602.247554,6.86,145.0,1.587,0.308,0,0,0,1960,0,false,0,0,0,0,0,0,0,2805,912,0,0
633633157,602.254381,6.934,145.0,1.587,0.308,0,0,0,1960,0,false,0,0,0,0,0,0,0,2805,912,0,0
633640285,602.261509,6.94444444444444,145.0,1.587,0.308,0,0,0,1960,0,false,0,0,0,0,0,0,0,2805,912,0,0
633647125,602.268349,6.94444444444444,145.0,1.587,0.308,0,0,0,1960,0,false,0,0,0,0,0,0,0,2805,912,0,0
633653847,602.275071,6.81311111111111,145.0,1.587,0.308,0,0,0,1960,0,false,0,0,0,0,0,0,0,2805,912,0,0
633660775,602.281999,6.828,145.0,1.587,0.308,0,0,0,1960,0,false,0,0,0,0,0,0,0,2805,912,0,0
633667579,602.288803,6.91,145.0,1.587,0.308,0,0,0,1960,0,false,0,0,0,0,0,0,0,2805,912,0,0
633674618,602.295842,6.94444444444444,145.0,1.587,0.308,0,0,0,1960,0,false,0,0,0,0,0,0,0,2805,912,0,0
633681476,602.3027,6.94444444444444,145.0,1.587,0.308,0,0,0,1960,0,false,0,0,0,0,0,0,0,2805,912,0,0
633688285,602.309509,6.81011111111111,145.0,1.587,0.308,0,0,0,1960,0,false,0,0,0,0,0,0,0,2805,912,0,0
633695264,602.316488,6.901,145.0,1.587,0.308,0,0,0,1960,0,false,0,0,0,0,0,0,0,2805,912,0,0
633702110,602.323334,6.91,145.0,1.587,0.308,0,0,0,1960,0,false,0,0,0,0,0,0,0,2805,912,0,0
633709153,602.330377,6.94444444444444,145.0,1.587,0.308,0,0,0,1960,0,false,0,0,0,0,0,0,0,2805,912,0,0
633715967,602.337191,6.91455555555555,145.0,1.587,0.308,0,0,0,1960,0,false,0,0,0,0,0,0,0,2805,912,0,0
633722878,602.344102,6.92,145.0,1.587,0.308,0,0,0,1960,0,false,0,0,0,0,0,0,0,2805,912,0,0
633729799,602.351023,6.811,145.0,1.587,0.308,0,0,0,1960,0,false,0,0,0,0,0,0,0,2805,912,0,0
633736586,602.35781,6.894,145.0,1.587,0.308,0,0,0,1960,0,false,0,0,0,0,0,0,0,2805,912,0,0
633743699,602.364923,6.94444444444444,145.0,1.587,0.308,0,0,0,1960,0,false,0,0,0,0,0,0,0,2805,912,0,0
633750493,602.371717,6.94444444444444,145.0,1.587,0.308,0,0,0,1960,0,false,0,0,0,0,0,0,0,2805,912,0,0
633757525,602.378749,6.88411111111111,145.0,1.587,0.308,0,0,0,1960,0,false,0,0,0,0,0,0,0,2805,912,0,0
633764498,602.385722,6.897,145.0,1.587,0.308,0,0,0,1960,0,false,0,0,0,0,0,0,0,2805,912,0,0
633771165,602.392389,6.9,145.0,1.587,0.308,0,0,0,1960,0,false,0,0,0,0,0,0,0,2805,912,0,0
633778198,602.399422,6.936,145.0,1.587,0.308,0,0,0,1960,0,false,0,0,0,0,0,0,0,2805,912,0,0
633784922,602.406146,6.835,145.0,1.587,0.308,0,0,0,1960,0,false,0,0,0,0,0,0,0,2805,912,0,0
633791925,602.413149,6.901,145.0,1.587,0.308,0,0,0,1960,0,false,0,0,0,0,0,0,0,2805,912,0,0
633798685,602.419909,6.864,145.0,1.587,0.308,0,0,0,1960,0,false,0,0,0,0,0,0,0,2805,912,0,0
633805576,602.4268,6.891,145.0,1.587,0.308,0,0,0,1960,0,false,0,0,0,0,0,0,0,2805,912,0,0
633812641,602.433865,6.94444444444444,145.0,1.587,0.308,0,0,0,1960,0,false,0,0,0,0,0,0,0,2805,912,0,0
633819523,602.440747,6.94444444444444,145.0,1.587,0.308,0,0,0,1960,0,false,0,0,0,0,0,0,0,2805,912,0,0
633826482,602.447706,6.84611111111111,145.0,1.587,0.308,0,0,0,1960,0,false,0,0,0,0,0,0,0,2805,912,0,0
633833269,602.454493,6.94444444444444,145.0,1.587,0.308,0,0,0,1960,0,false,0,0,0,0,0,0,0,2805,912,0,0
633840178,602.461402,6.82955555555555,145.0,1.587,0.308,0,0,0,1960,0,false,0,0,0,0,0,0,0,2805,912,0,0
633847014,602.468238,6.914,145.0,1.587,0.308,0,0,0,1960,0,false,0,0,0,0,0,0,0,2805,912,0,0
633853954,602.475178,6.94444444444444,145.0,1.587,0.308,0,0,0,1960,0,false,0,0,0,0,0,0,0,2805,912,0,0
633861122,602.482346,6.87655555555556,145.0,1.587,0.308,0,0,0,1960,0,false,0,0,0,0,0,0,0,2805,912,0,0
633867698,602.488922,6.867,145.0,1.587,0.308,0,0,0,1960,0,false,0,0,0,0,0,0,0,2805,912,0,0
633874726,602.49595,6.916,145.0,1.587,0.308,0,0,0,1960,0,false,0,0,0,0,0,0,0,2805,912,0,0
633881610,602.502834,6.94444444444444,145.0,1.587,0.308,0,0,0,1960,0,false,0,0,0,0,0,0,0,2805,912,0,0
633888495,602.509719,6.94444444444444,145.0,1.587,0.308,0,0,0,1960,0,false,0,0,0,0,0,0,0,2805,912,0,0
633895488,602.516712,6.86211111111111,145.0,1.587,0.308,0,0,0,1960,0,false,0,0,0,0,0,0,0,2805,912,0,0
633902234,602.523458,6.861,145.0,1.587,0.308,0,0,0,1960,0,false,0,0,0,0,0,0,0,2805,912,0,0
633909219,602.530443,6.933,145.0,1.587,0.308,0,0,0,1960,0,false,0,0,0,0,0,0,0,2805,912,0,0
633916074,602.537298,6.925,145.0,1.587,0.308,0,0,0,1960,0,false,0,0,0,0,0,0,0,2805,912,0,0
633922910,602.544134,6.842,145.0,1.587,0.308,0,0,0,1960,0,false,0,0,0,0,0,0,0,2805,912,0,0
633929838,602.551062,6.858,145.0,1.587,0.308,0,0,0,1960,0,false,0,0,0,0,0,0,0,2805,912,0,0
633937120,602.558344,6.94444444444444,145.0,1.587,0.308,0,0,0,1960,0,false,0,0,0,0,0,0,0,2805,912,0,0
633943680,602.564904,6.87955555555556,145.0,1.587,0.308,0,0,0,1960,0,false,0,0,0,0,0,0,0,2805,912,0,0
633950586,602.57181,6.94444444444444,145.0,1.587,0.308,0,0,0,1960,0,false,0,0,0,0,0,0,0,2805,912,0,0
633957604,602.578828,6.94444444444444,145.0,1.587,0.308,0,0,0,1960,0,false,0,0,0,0,0,0,0,2805,912,0,0
633964301,602.585525,6.81111111111111,145.0,1.587,0.308,0,0,0,1960,0,false,0,0,0,0,0,0,0,2805,912,0,0
633971172,602.592396,6.881,145.0,1.587,0.308,0,0,0,1960,0,false,0,0,0,0,0,0,0,2805,912,0,0
633978155,602.599379,6.896,145.0,1.587,0.308,0,0,0,1960,0,false,0,0,0,0,0,0,0,2805,912,0,0
633984969,602.606193,6.901,145.0,1.587,0.308,0,0,0,1960,0,false,0,0,0,0,0,0,0,2805,912,0,0
633991938,602.613162,6.899,145.0,1.587,0.308,0,0,0,1960,0,false,0,0,0,0,0,0,0,2805,912,0,0
633998782,602.620006,6.899,145.0,1.587,0.308,0,0,0,1960,0,false,0,0,0,0,0,0,0,2805,912,0,0
634005683,602.626907,6.909,145.0,1.587,0.308,0,0,0,1960,0,false,0,0,0,0,0,0,0,2805,912,0,0
634012713,602.633937,6.918,145.0,3.013,0.255,0,0,0,1960,0,false,0,0,0,0,0,0,0,2805,912,0,0
634019578,602.640802,6.94444444444444,145.0,3.013,0.255,0,0,0,1960,0,false,0,0,0,0,0,0,0,2805,912,0,0
634026558,602.647782,6.93255555555555,145.0,3.013,0.255,0,0,0,1960,0,false,0,0,0,0,0,0,0,2805,912,0,0
634033426,602.65465,6.907,145.0,3.013,0.255,0,0,0,1960,0,false,0,0,0,0,0,0,0,2805,912,0,0
634040321,602.661545,6.856,145.0,3.013,0.255,0,0,0,1960,0,false,0,0,0,0,0,0,0,2805,912,0,0
634047159,602.668383,6.918,145.0,3.013,0.255,0,0,0,1960,0,false,0,0,0,0,0,0,0,2805,912,0,0
634054054,602.675278,6.892,145.0,3.013,0.255,0,0,0,1960,0,false,0,0,0,0,0,0,0,2805,912,0,0
634061077,602.682301,6.903,145.0,3.013,0.255,0,0,0,1960,0,false,0,0,0,0,0,0,0,2805,912,0,0
634067814,602.689038,6.865,145.0,3.013,0.255,0,0,0,1960,0,false,0,0,0,0,0,0,0,2805,912,0,0
634074850,602.696074,6.86,145.0,3.013,0.255,0,0,0,1960,0,false,0,0,0,0,0,0,0,2805,912,0,0
634081593,602.702817,6.915,145.0,3.013,0.255,0,0,0,1960,0,false,0,0,0,0,0,0,0,2805,912,0,0
634088589,602.709813,6.94444444444444,145.0,3.013,0.255,0,0,0,1960,0,false,0,0,0,0,0,0,0,2805,912,0,0
634095546,602.71677,6.92755555555556,145.0,3.013,0.255,0,0,0,1960,0,false,0,0,0,0,0,0,0,2805,912,0,0
634102401,602.723625,6.916,145.0,3.013,0.255,0,0,0,1960,0,false,0,0,0,0,0,0,0,2805,912,0,0
634109406,602.73063,6.842,145.0,3.013,0.255,0,0,0,1960,0,false,0,0,0,0,0,0,0,2805,912,0,0
634116111,602.737335,6.885,145.0,3.013,0.255,0,0,0,1960,0,false,0,0,0,0,0,0,0,2805,912,0,0
634123058,602.744282,6.94444444444444,145.0,3.013,0.255,0,0,0,1960,0,false,0,0,0,0,0,0,0,2805,912,0,0
634130041,602.751265,6.89955555555556,145.0,3.013,0.255,0,0,0,1960,0,false,0,0,0,0,0,0,0,2805,912,0,0
634136782,602.758006,6.83,145.0,3.013,0.255,0,0,0,1960,0,false,0,0,0,0,0,0,0,2805,912,0,0
634143769,602.764993,6.905,145.0,3.013,0.255,0,0,0,1960,0,false,0,0,0,0,0,0,0,2805,912,0,0
634150592,602.771816,6.903,145.0,3.013,0.255,0,0,0,1960,0,false,0,0,0,0,0,0,0,2805,912,0,0
634157662,602.778886,6.94444444444444,145.0,3.013,0.255,0,0,0,1960,0,false,0,0,0,0,0,0,0,2805,912,0,0
634164473,602.785697,6.93555555555556,145.0,3.013,0.255,0,0,0,1960,0,false,0,0,0,0,0,0,0,2805,912,0,0
634171408,602.792632,6.91,145.0,3.013,0.255,0,0,0,1960,0,false,0,0,0,0,0,0,0,2805,912,0,0
634178327,602.799551,6.858,145.0,3.013,0.255,0,0,0,1960,0,false,0,0,0,0,0,0,0,2805,912,0,0
634185080,602.806304,6.84,145.0,3.013,0.255,0,0,0,1960,0,false,0,0,0,0,0,0,0,2805,912,0,0
634192147,602.813371,6.94444444444444,145.0,3.013,0.255,0,0,0,1960,0,false,0,0,0,0,0,0,0,2805,912,0,0
634198926,602.82015,6.90155555555555,145.0,3.013,0.255,0,0,0,1960,0,false,0,0,0,0,0,0,0,2805,912,0,0
634205786,602.82701,6.86,145.0,3.013,0.255,0,0,0,1960,0,false,0,0,0,0,0,0,0,2805,912,0,0
634212769,602.833993,6.898,145.0,3.013,0.255,0,0,0,1960,0,false,0,0,0,0,0,0,0,2805,912,0,0
634219585,602.840809,6.907,145.0,3.013,0.255,0,0,0,1960,0,false,0,0,0,0,0,0,0,2805,912,0,0
634226654,602.847878,6.921,145.0,3.013,0.255,0,0,0,1960,0,false,0,0,0,0,0,0,0,2805,912,0,0
634233503,602.854727,6.94444444444444,145.0,3.013,0.255,0,0,0,1960,0,false,0,0,0,0,0,0,0,2805,912,0,0
634240463,602.861687,6.88755555555555,145.0,3.013,0.255,0,0,0,1960,0,false,0,0,0,0,0,0,0,2805,912,0,0
634247185,602.868409,6.843,145.0,3.013,0.255,0,0,0,1960,0,false,0,0,0,0,0,0,0,2805,912,0,0
634254080,602.875304,6.895,145.0,3.013,0.255,0,0,0,1960,0,false,0,0,0,0,0,0,0,2805,912,0,0
634261154,602.882378,6.94444444444444,145.0,3.013,0.255,0,0,0,1960,0,false,0,0,0,0,0,0,0,2805,912,0,0
634267941,602.889165,6.91155555555556,145.0,3.013,0.255,0,0,0,1960,0,false,0,0,0,0,0,0,0,2805,912,0,0
634274932,602.896156,6.897,145.0,3.013,0.255,0,0,0,1960,0,false,0,0,0,0,0,0,0,2805,912,0,0
634281678,602.902902,6.843,145.0,3.013,0.255,0,0,0,1960,0,false,0,0,0,0,0,0,0,2805,912,0,0
634288594,602.909818,6.915,145.0,3.013,0.255,0,0,0,1960,0,false,0,0,0,0,0,0,0,2805,912,0,0
634295672,602.916896,6.891,145.0,3.013,0.255,0,0,0,1960,0,false,0,0,0,0,0,0,0,2805,912,0,0
634302425,602.923649,6.908,145.0,3.013,0.255,0,0,0,1960,0,false,0,0,0,0,0,0,0,2805,912,0,0
634309452,602.930676,6.91,145.0,3.013,0.255,0,0,0,1960,0,false,0,0,0,0,0,0,0,2805,912,0,0
634316249,602.937473,6.94444444444444,145.0,3.013,0.255,0,0,0,1960,0,false,0,0,0,0,0,0,0,2805,912,0,0
634323108,602.944332,6.86455555555556,145.0,3.013,0.255,0,0,0,1960,0,false,0,0,0,0,0,0,0,2805,912,0,0
634330121,602.951345,6.933,145.0,3.013,0.255,0,0,0,1960,0,false,0,0,0,0,0,0,0,2805,912,0,0
634336971,602.958195,6.91,145.0,3.013,0.255,0,0,0,1960,0,false,0,0,0,0,0,0,0,2805,912,0,0
634344002,602.965226,6.897,145.0,3.013,0.255,0,0,0,1960,0,false,0,0,0,0,0,0,0,2805,912,0,0
634350719,602.971943,6.862,145.0,3.013,0.255,0,0,0,1960,0,false,0,0,0,0,0,0,0,2805,912,0,0
634357824,602.979048,6.94444444444444,145.0,3.013,0.255,0,0,0,1960,0,false,0,0,0,0,0,0,0,2805,912,0,0
634364603,602.985827,6.94444444444444,145.0,3.013,0.255,0,0,0,1960,0,false,0,0,0,0,0,0,0,2805,912,0,0
634371465,602.992689,6.86011111111111,145.0,3.013,0.255,0,0,0,1960,0,false,0,0,0,0,0,0,0,2805,912,0,0
634378401,602.999625,6.81,145.0,3.013,0.255,0,0,0,1960,0,false,0,0,0,0,0,0,0,2805,912,0,0
634385253,603.006477,6.94444444444444,145.0,3.013,0.255,0,0,0,1960,0,false,0,0,0,0,0,0,0,2805,912,0,0
634392228,603.013452,6.93255555555556,145.0,3.013,0.255,0,0,0,1960,0,false,0,0,0,0,0,0,0,2805,912,0,0
634399005,603.020229,6.85,145.0,3.013,0.255,0,0,0,1960,0,false,0,0,0,0,0,0,0,2805,912,0,0
634405889,603.027113,6.895,145.0,3.013,0.255,0,0,0,1960,0,false,0,0,0,0,0,0,0,2805,912,0,0
634412964,603.034188,6.914,145.0,3.013,0.255,0,0,0,1960,0,false,0,0,0,0,0,0,0,2805,912,0,0
634419810,603.041034,6.94444444444444,145.0,3.013,0.255,0,0,0,1960,0,false,0,0,0,0,0,0,0,2805,912,0,0
634426697,603.047921,6.83755555555556,145.0,3.013,0.255,0,0,0,1960,0,false,0,0,0,0,0,0,0,2805,912,0,0
634433612,603.054836,6.94444444444444,145.0,3.013,0.255,0,0,0,1960,0,false,0,0,0,0,0,0,0,2805,912,0,0
634441186,603.06241,6.94444444444444,145.0,3.013,0.255,0,0,0,1960,0,false,0,0,0,0,0,0,0,2805,912,0,0
634447408,603.068632,6.89111111111111,145.0,3.013,0.255,0,0,0,1960,0,false,0,0,0,0,0,0,0,2805,912,0,0
634454212,603.075436,6.837,145.0,3.013,0.255,0,0,0,1960,0,false,0,0,0,0,0,0,0,2805,912,0,0
634461167,603.082391,6.845,145.0,3.013,0.255,0,0,0,1960,0,false,0,0,0,0,0,0,0,2805,912,0,0
634467966,603.08919,6.911,145.0,3.013,0.255,0,0,0,1960,0,false,0,0,0,0,0,0,0,2805,912,0,0
634474994,603.096218,6.94444444444444,145.0,3.013,0.255,0,0,0,1960,0,false,0,0,0,0,0,0,0,2805,912,0,0
634481719,603.102943,6.83155555555556,145.0,3.013,0.255,0,0,0,1960,0,false,0,0,0,0,0,0,0,2805,912,0,0
634488617,603.109841,6.903,145.0,3.013,0.255,0,0,0,1960,0,false,0,0,0,0,0,0,0,2805,912,0,0
634495585,603.116809,6.902,145.0,3.013,0.255,0,0,0,1960,0,false,0,0,0,0,0,0,0,2805,912,0,0
634502492,603.123716,6.94444444444444,145.0,3.013,0.255,0,0,0,1960,0,false,0,0,0,0,0,0,0,2805,912,0,0
634509549,603.130773,6.94155555555555,145.0,3.013,0.255,0,0,0,1960,0,false,0,0,0,0,0,0,0,2805,912,0,0
634516328,603.137552,6.898,145.0,3.013,0.255,0,0,0,1960,0,false,0,0,0,0,0,0,0,2805,912,0,0
634523229,603.144453,6.827,145.0,3.013,0.255,0,0,0,1960,0,false,0,0,0,0,0,0,0,2805,912,0,0
634530090,603.151314,6.94444444444444,145.0,3.013,0.255,0,0,0,1960,0,false,0,0,0,0,0,0,0,2805,912,0,0
634536986,603.15821,6.91555555555555,145.0,3.013,0.255,0,0,0,1960,0,false,0,0,0,0,0,0,0,2805,912,0,0
634543941,603.165165,6.863,145.0,3.013,0.255,0,0,0,1960,0,false,0,0,0,0,0,0,0,2805,912,0,0
634550790,603.172014,6.926,145.0,3.013,0.255,0,0,0,1960,0,false,0,0,0,0,0,0,0,2805,912,0,0
634557853,603.179077,6.94444444444444,145.0,3.013,0.255,0,0,0,1960,0,false,0,0,0,0,0,0,0,2805,912,0,0
634564584,603.185808,6.83755555555556,145.0,3.013,0.255,0,0,0,1960,0,false,0,0,0,0,0,0,0,2805,912,0,0
634571545,603.192769,6.94444444444444,145.0,3.013,0.255,0,0,0,1960,0,false,0,0,0,0,0,0,0,2805,912,0,0
634578606,603.19983,6.94444444444444,145.0,3.013,0.255,0,0,0,1960,0,false,0,0,0,0,0,0,0,2805,912,0,0
634585364,603.206588,6.86411111111111,145.0,3.013,0.255,0,0,0,1960,0,false,0,0,0,0,0,0,0,2805,912,0,0
634592419,603.213643,6.937,145.0,3.013,0.255,0,0,0,1960,0,false,0,0,0,0,0,0,0,2805,912,0,0
634599221,603.220445,6.933,145.0,3.013,0.255,0,0,0,1960,0,false,0,0,0,0,0,0,0,2805,912,0,0
634605973,603.227197,6.765,145.0,3.013,0.255,0,0,0,1960,0,false,0,0,0,0,0,0,0,2805,912,0,0
634613000,603.234224,6.936,145.0,3.013,0.255,0,0,0,1960,0,false,0,0,0,0,0,0,0,2805,912,0,0
634619839,603.241063,6.929,145.0,3.013,0.255,0,0,0,1960,0,false,0,0,0,0,0,0,0,2805,912,0,0
634626771,603.247995,6.854,145.0,3.013,0.255,0,0,0,1960,0,false,0,0,0,0,0,0,0,2805,912,0,0
634633606,603.25483,6.913,145.0,3.013,0.255,0,0,0,1960,0,false,0,0,0,0,0,0,0,2805,912,0,0
634640671,603.261895,6.94444444444444,145.0,3.013,0.255,0,0,0,1960,0,false,0,0,0,0,0,0,0,2805,912,0,0
634647509,603.268733,6.94444444444444,145.0,3.013,0.255,0,0,0,1960,0,false,0,0,0,0,0,0,0,2805,912,0,0
634654372,603.275596,6.84911111111111,145.0,3.013,0.255,0,0,0,1960,0,false,0,0,0,0,0,0,0,2805,912,0,0
634661426,603.28265,6.903,145.0,3.013,0.255,0,0,0,1960,0,false,0,0,0,0,0,0,0,2805,912,0,0
634668170,603.289394,6.926,145.0,3.013,0.255,0,0,0,1960,0,false,0,0,0,0,0,0,0,2805,912,0,0
634675166,603.29639,6.915,145.0,3.013,0.255,0,0,0,1960,0,false,0,0,0,0,0,0,0,2805,912,0,0
634681946,603.30317,6.845,145.0,3.013,0.255,0,0,0,1960,0,false,0,0,0,0,0,0,0,2805,912,0,0
634688776,603.31,6.843,145.0,3.013,0.255,0,0,0,1960,0,false,0,0,0,0,0,0,0,2805,912,0,0
634695754,603.316978,6.895,145.0,3.013,0.255,0,0,0,1960,0,false,0,0,0,0,0,0,0,2805,912,0,0
634702642,603.323866,6.94444444444444,145.0,3.013,0.255,0,0,0,1960,0,false,0,0,0,0,0,0,0,2805,912,0,0
634709682,603.330906,6.94444444444444,145.0,3.013,0.255,0,0,0,1960,0,false,0,0,0,0,0,0,0,2805,912,0,0
634716462,603.337686,6.89911111111111,145.0,3.013,0.255,0,0,0,1960,0,false,0,0,0,0,0,0,0,2805,912,0,0
634723651,603.344875,6.919,145.0,3.013,0.255,0,0,0,1960,0,false,0,0,0,0,0,0,0,2805,912,0,0
634730186,603.35141,6.809,145.0,3.013,0.255,0,0,0,1960,0,false,0,0,0,0,0,0,0,2805,912,0,0
634737095,603.358319,6.907,145.0,3.013,0.255,0,0,0,1960,0,false,0,0,0,0,0,0,0,2805,912,0,0
634744099,603.365323,6.892,145.0,3.013,0.255,0,0,0,1960,0,false,0,0,0,0,0,0,0,2805,912,0,0
634750924,603.372148,6.912,145.0,3.013,0.255,0,0,0,1960,0,false,0,0,0,0,0,0,0,2805,912,0,0
634757946,603.37917,6.924,145.0,3.013,0.255,0,0,0,1960,0,false,0,0,0,0,0,0,0,2805,912,0,0
634764710,603.385934,6.884,145.0,3.013,0.255,0,0,0,1960,0,false,0,0,0,0,0,0,0,2805,912,0,0
634771568,603.392792,6.857,145.0,3.013,0.255,0,0,0,1960,0,false,0,0,0,0,0,0,0,2805,912,0,0
634778547,603.399771,6.899,145.0,3.013,0.255,0,0,0,1960,0,false,0,0,0,0,0,0,0,2805,912,0,0
634785469,603.406693,6.94444444444444,145.0,3.013,0.255,0,0,0,1960,0,false,0,0,0,0,0,0,0,2805,912,0,0
634792431,603.413655,6.93355555555555,145.0,3.013,0.255,0,0,0,1960,0,false,0,0,0,0,0,0,0,2805,912,0,0
634799217,603.420441,6.885,145.0,3.013,0.255,0,0,0,1960,0,false,0,0,0,0,0,0,0,2805,912,0,0
634806040,603.427264,6.827,145.0,3.013,0.255,0,0,0,1960,0,false,0,0,0,0,0,0,0,2805,912,0,0
634813051,603.434275,6.94444444444444,145.0,3.013,0.255,0,0,0,1960,0,false,0,0,0,0,0,0,0,2805,912,0,0
634819923,603.441147,6.94444444444444,145.0,3.013,0.255,0,0,0,1960,0,false,0,0,0,0,0,0,0,2805,912,0,0
634826815,603.448039,6.82411111111111,145.0,3.013,0.255,0,0,0,1960,0,false,0,0,0,0,0,0,0,2805,912,0,0
634833645,603.454869,6.899,145.0,3.013,0.255,0,0,0,1960,0,false,0,0,0,0,0,0,0,2805,912,0,0
634840586,603.46181,6.888,145.0,3.013,0.255,0,0,0,1960,0,false,0,0,0,0,0,0,0,2805,912,0,0
634847497,603.468721,6.94444444444444,145.0,3.013,0.255,0,0,0,1960,0,false,0,0,0,0,0,0,0,2805,912,0,0
634854450,603.475674,6.94444444444444,145.0,3.013,0.255,0,0,0,1960,0,false,0,0,0,0,0,0,0,2805,912,0,0
634861443,603.482667,6.86211111111111,145.0,3.013,0.255,0,0,0,1960,0,false,0,0,0,0,0,0,0,2805,912,0,0
634868175,603.489399,6.874,145.0,3.013,0.255,0,0,0,1960,0,false,0,0,0,0,0,0,0,2805,912,0,0
634875265,603.496489,6.94444444444444,145.0,3.013,0.255,0,0,0,1960,0,false,0,0,0,0,0,0,0,2805,912,0,0
634882089,603.503313,6.92455555555556,145.0,3.013,0.255,0,0,0,1960,0,false,0,0,0,0,0,0,0,2805,912,0,0
634888966,603.51019,6.889,145.0,3.013,0.255,0,0,0,1960,0,false,0,0,0,0,0,0,0,2805,912,0,0
634895951,603.517175,6.894,145.0,3.013,0.255,0,0,0,1960,0,false,0,0,0,0,0,0,0,2805,912,0,0
634902671,603.523895,6.848,145.0,3.013,0.255,0,0,0,1960,0,false,0,0,0,0,0,0,0,2805,912,0,0
634909602,603.530826,6.871,145.0,3.013,0.255,0,0,0,1960,0,false,0,0,0,0,0,0,0,2805,912,0,0
634916404,603.537628,6.879,145.0,3.013,0.255,0,0,0,1960,0,false,0,0,0,0,0,0,0,2805,912,0,0
634923525,603.544749,6.94444444444444,145.0,3.013,0.255,0,0,0,1960,0,false,0,0,0,0,0,0,0,2805,912,0,0
634930219,603.551443,6.87155555555556,145.0,3.013,0.255,0,0,0,1960,0,false,0,0,0,0,0,0,0,2805,912,0,0
634937190,603.558414,6.94444444444444,145.0,3.013,0.255,0,0,0,1960,0,false,0,0,0,0,0,0,0,2805,912,0,0
634944469,603.565693,6.93055555555556,145.0,3.013,0.255,0,0,0,1960,0,false,0,0,0,0,0,0,0,2805,912,0,0
634950949,603.572173,6.844,145.0,3.013,0.255,0,0,0,1960,0,false,0,0,0,0,0,0,0,2805,912,0,0
634958050,603.579274,6.94444444444444,145.0,3.013,0.255,0,0,0,1960,0,false,0,0,0,0,0,0,0,2805,912,0,0
634964868,603.586092,6.91955555555556,145.0,3.013,0.255,0,0,0,1960,0,false,0,0,0,0,0,0,0,2805,912,0,0
634971748,603.592972,6.892,145.0,3.013,0.255,0,0,0,1960,0,false,0,0,0,0,0,0,0,2805,912,0,0
634978707,603.599931,6.866,145.0,3.013,0.255,0,0,0,1960,0,false,0,0,0,0,0,0,0,2805,912,0,0
634985641,603.606865,6.94444444444444,145.0,3.013,0.255,0,0,0,1960,0,false,0,0,0,0,0,0,0,2805,912,0,0
634992438,603.613662,6.82455555555556,145.0,3.013,0.255,0,0,0,1960,0,false,0,0,0,0,0,0,0,2805,912,0,0
634999245,603.620469,6.903,145.0,3.013,0.255,0,0,0,1960,0,false,0,0,0,0,0,0,0,2805,912,0,0
635006287,603.627511,6.94444444444444,145.0,3.013,0.255,0,0,0,1960,0,false,0,0,0,0,0,0,0,2805,912,0,0
635013164,603.634388,6.92855555555556,145.0,1.516,0.283,0,0,0,1960,0,false,0,0,0,0,0,0,0,2805,912,0,0
635019978,603.641202,6.876,145.0,1.516,0.283,0,0,0,1960,0,false,0,0,0,0,0,0,0,2805,912,0,0
635026951,603.648175,6.914,145.0,1.516,0.283,0,0,0,1960,0,false,0,0,0,0,0,0,0,2805,912,0,0
635033777,603.655001,6.879,145.0,1.516,0.283,0,0,0,1960,0,false,0,0,0,0,0,0,0,2805,912,0,0
635040750,603.661974,6.901,145.0,1.516,0.283,0,0,0,1960,0,false,0,0,0,0,0,0,0,2805,912,0,0
635047584,603.668808,6.887,145.0,1.516,0.283,0,0,0,1960,0,false,0,0,0,0,0,0,0,2805,912,0,0
635054570,603.675794,6.94444444444444,145.0,1.516,0.283,0,0,0,1960,0,false,0,0,0,0,0,0,0,2805,912,0,0
635061586,603.68281,6.93455555555555,145.0,1.516,0.283,0,0,0,1960,0,false,0,0,0,0,0,0,0,2805,912,0,0
635068390,603.689614,6.843,145.0,1.516,0.283,0,0,0,1960,0,false,0,0,0,0,0,0,0,2805,912,0,0
635075439,603.696663,6.937,145.0,1.516,0.283,0,0,0,1960,0,false,0,0,0,0,0,0,0,2805,912,0,0
635082116,603.70334,6.851,145.0,1.516,0.283,0,0,0,1960,0,false,0,0,0,0,0,0,0,2805,912,0,0
635089017,603.710241,6.911,145.0,1.516,0.283,0,0,0,1960,0,false,0,0,0,0,0,0,0,2805,912,0,0
635096202,603.717426,6.94444444444444,145.0,1.516,0.283,0,0,0,1960,0,false,0,0,0,0,0,0,0,2805,912,0,0
635102762,603.723986,6.79955555555556,145.0,1.516,0.283,0,0,0,1960,0,false,0,0,0,0,0,0,0,2805,912,0,0
635109711,603.730935,6.899,145.0,1.516,0.283,0,0,0,1960,0,false,0,0,0,0,0,0,0,2805,912,0,0
635116522,603.737746,6.898,145.0,1.516,0.283,0,0,0,1960,0,false,0,0,0,0,0,0,0,2805,912,0,0
635123451,603.744675,6.877,145.0,1.516,0.283,0,0,0,1960,0,false,0,0,0,0,0,0,0,2805,912,0,0
635130391,603.751615,6.94444444444444,145.0,1.516,0.283,0,0,0,1960,0,false,0,0,0,0,0,0,0,2805,912,0,0
635137279,603.758503,6.93555555555556,145.0,1.516,0.283,0,0,0,1960,0,false,0,0,0,0,0,0,0,2805,912,0,0
635144270,603.765494,6.917,145.0,1.516,0.283,0,0,0,1960,0,false,0,0,0,0,0,0,0,2805,912,0,0
635151086,603.77231,6.867,145.0,1.516,0.283,0,0,0,1960,0,false,0,0,0,0,0,0,0,2805,912,0,0
635158291,603.779515,6.94444444444444,145.0,1.516,0.283,0,0,0,1960,0,false,0,0,0,0,0,0,0,2805,912,0,0
635164974,603.786198,6.94255555555555,145.0,1.516,0.283,0,0,0,1960,0,false,0,0,0,0,0,0,0,2805,912,0,0
635171852,603.793076,6.877,145.0,1.516,0.283,0,0,0,1960,0,false,0,0,0,0,0,0,0,2805,912,0,0
635178811,603.800035,6.836,145.0,1.516,0.283,0,0,0,1960,0,false,0,0,0,0,0,0,0,2805,912,0,0
635185582,603.806806,6.893,145.0,1.516,0.283,0,0,0,1960,0,false,0,0,0,0,0,0,0,2805,912,0,0
635192677,603.813901,6.94444444444444,145.0,1.516,0.283,0,0,0,1960,0,false,0,0,0,0,0,0,0,2805,912,0,0
635199500,603.820724,6.94444444444444,145.0,1.516,0.283,0,0,0,1960,0,false,0,0,0,0,0,0,0,2805,912,0,0
635206418,603.827642,6.94444444444444,145.0,1.516,0.283,0,0,0,1960,0,false,0,0,0,0,0,0,0,2805,912,0,0
635213324,603.834548,6.83166666666667,145.0,1.516,0.283,0,0,0,1960,0,false,0,0,0,0,0,0,0,2805,912,0,0
635220186,603.84141,6.918,145.0,1.516,0.283,0,0,0,1960,0,false,0,0,0,0,0,0,0,2805,912,0,0
635227246,603.84847,6.901,145.0,1.516,0.283,0,0,0,1960,0,false,0,0,0,0,0,0,0,2805,912,0,0
635234035,603.855259,6.94444444444444,145.0,1.516,0.283,0,0,0,1960,0,false,0,0,0,0,0,0,0,2805,912,0,0
635240936,603.86216,6.82455555555556,145.0,1.516,0.283,0,0,0,1960,0,false,0,0,0,0,0,0,0,2805,912,0,0
635247679,603.868903,6.828,145.0,1.516,0.283,0,0,0,1960,0,false,0,0,0,0,0,0,0,2805,912,0,0
635254561,603.875785,6.894,145.0,1.516,0.283,0,0,0,1960,0,false,0,0,0,0,0,0,0,2805,912,0,0
635261456,603.88268,6.868,145.0,1.516,0.283,0,0,0,1960,0,false,0,0,0,0,0,0,0,2805,912,0,0
635268383,603.889607,6.938,145.0,1.516,0.283,0,0,0,1960,0,false,0,0,0,0,0,0,0,2805,912,0,0
635275321,603.896545,6.931,145.0,1.516,0.283,0,0,0,1960,0,false,0,0,0,0,0,0,0,2805,912,0,0
635282187,603.903411,6.92,145.0,1.516,0.283,0,0,0,1960,0,false,0,0,0,0,0,0,0,2805,912,0,0
635289100,603.910324,6.911,145.0,1.516,0.283,0,0,0,1960,0,false,0,0,0,0,0,0,0,2805,912,0,0
635296065,603.917289,6.898,145.0,1.516,0.283,0,0,0,1960,0,false,0,0,0,0,0,0,0,2805,912,0,0
635302938,603.924162,6.917,145.0,1.516,0.283,0,0,0,1960,0,false,0,0,0,0,0,0,0,2805,912,0,0
635309919,603.931143,6.89,145.0,1.516,0.283,0,0,0,1960,0,false,0,0,0,0,0,0,0,2805,912,0,0
635316689,603.937913,6.861,145.0,1.516,0.283,0,0,0,1960,0,false,0,0,0,0,0,0,0,2805,912,0,0
635323672,603.944896,6.904,145.0,1.516,0.283,0,0,0,1960,0,false,0,0,0,0,0,0,0,2805,912,0,0
635330571,603.951795,6.94444444444444,145.0,1.516,0.283,0,0,0,1960,0,false,0,0,0,0,0,0,0,2805,912,0,0
635337521,603.958745,6.94444444444444,145.0,1.516,0.283,0,0,0,1960,0,false,0,0,0,0,0,0,0,2805,912,0,0
635344484,603.965708,6.87811111111111,145.0,1.516,0.283,0,0,0,1960,0,false,0,0,0,0,0,0,0,2805,912,0,0
635351249,603.972473,6.889,145.0,1.516,0.283,0,0,0,1960,0,false,0,0,0,0,0,0,0,2805,912,0,0
635358235,603.979459,6.906,145.0,1.516,0.283,0,0,0,1960,0,false,0,0,0,0,0,0,0,2805,912,0,0
635365116,603.98634,6.94444444444444,145.0,1.516,0.283,0,0,0,1960,0,false,0,0,0,0,0,0,0,2805,912,0,0
635371983,603.993207,6.88355555555555,145.0,1.516,0.283,0,0,0,1960,0,false,0,0,0,0,0,0,0,2805,912,0,0
635379081,604.000305,6.872,145.0,1.516,0.283,0,0,0,1960,0,false,0,0,0,0,0,0,0,2805,912,0,0
635385733,604.006957,6.836,145.0,1.516,0.283,0,0,0,1960,0,false,0,0,0,0,0,0,0,2805,912,0,0
635392749,604.013973,6.905,145.0,1.516,0.283,0,0,0,1960,0,false,0,0,0,0,0,0,0,2805,912,0,0
635399486,604.02071,6.884,145.0,1.516,0.283,0,0,0,1960,0,false,0,0,0,0,0,0,0,2805,912,0,0
635406402,604.027626,6.889,145.0,1.516,0.283,0,0,0,1960,0,false,0,0,0,0,0,0,0,2805,912,0,0
635413313,604.034537,6.882,145.0,1.516,0.283,0,0,0,1960,0,false,0,0,0,0,0,0,0,2805,912,0,0
635420147,604.041371,6.898,145.0,1.516,0.283,0,0,0,1960,0,false,0,0,0,0,0,0,0,2805,912,0,0
635427144,604.048368,6.94444444444444,145.0,1.516,0.283,0,0,0,1960,0,false,0,0,0,0,0,0,0,2805,912,0,0
635433929,604.055153,6.85455555555555,145.0,1.516,0.283,0,0,0,1960,0,false,0,0,0,0,0,0,0,2805,912,0,0
635440870,604.062094,6.897,145.0,1.516,0.283,0,0,0,1960,0,false,0,0,0,0,0,0,0,2805,912,0,0
635448020,604.069244,6.93,145.0,1.516,0.283,0,0,0,1960,0,false,0,0,0,0,0,0,0,2805,912,0,0
635454627,604.075851,6.874,145.0,1.516,0.283,0,0,0,1960,0,false,0,0,0,0,0,0,0,2805,912,0,0
635461583,604.082807,6.87,145.0,1.516,0.283,0,0,0,1960,0,false,0,0,0,0,0,0,0,2805,912,0,0
635468642,604.089866,6.94444444444444,145.0,1.516,0.283,0,0,0,1960,0,false,0,0,0,0,0,0,0,2805,912,0,0
635475557,604.096781,6.94444444444444,145.0,1.516,0.283,0,0,0,1960,0,false,0,0,0,0,0,0,0,2805,912,0,0
635482382,604.103606,6.94444444444444,145.0,1.516,0.283,0,0,0,1960,0,false,0,0,0,0,0,0,0,2805,912,0,0
635489295,604.110519,6.92766666666666,145.0,1.516,0.283,0,0,0,1960,0,false,0,0,0,0,0,0,0,2805,912,0,0
635496316,604.11754,6.881,145.0,1.516,0.283,0,0,0,1960,0,false,0,0,0,0,0,0,0,2805,912,0,0
635503144,604.124368,6.94444444444444,145.0,1.516,0.283,0,0,0,1960,0,false,0,0,0,0,0,0,0,2805,912,0,0
635510000,604.131224,6.78355555555556,145.0,1.516,0.283,0,0,0,1960,0,false,0,0,0,0,0,0,0,2805,912,0,0
635516758,604.137982,6.872,145.0,1.516,0.283,0,0,0,1960,0,false,0,0,0,0,0,0,0,2805,912,0,0
635523747,604.144971,6.902,145.0,1.516,0.283,0,0,0,1960,0,false,0,0,0,0,0,0,0,2805,912,0,0
635530491,604.151715,6.849,145.0,1.516,0.283,0,0,0,1960,0,false,0,0,0,0,0,0,0,2805,912,0,0
635537477,604.158701,6.94444444444444,145.0,1.516,0.283,0,0,0,1960,0,false,0,0,0,0,0,0,0,2805,912,0,0
635544449,604.165673,6.94255555555555,145.0,1.516,0.283,0,0,0,1960,0,false,0,0,0,0,0,0,0,2805,912,0,0
635551307,604.172531,6.929,145.0,1.516,0.283,0,0,0,1960,0,false,0,0,0,0,0,0,0,2805,912,0,0
635558159,604.179383,6.817,145.0,1.516,0.283,0,0,0,1960,0,false,0,0,0,0,0,0,0,2805,912,0,0
635565095,604.186319,6.94444444444444,145.0,1.516,0.283,0,0,0,1960,0,false,0,0,0,0,0,0,0,2805,912,0,0
635572053,604.193277,6.94444444444444,145.0,1.516,0.283,0,0,0,1960,0,false,0,0,0,0,0,0,0,2805,912,0,0
635579049,604.200273,6.91811111111111,145.0,1.516,0.283,0,0,0,1960,0,false,0,0,0,0,0,0,0,2805,912,0,0
635585834,604.207058,6.88,145.0,1.516,0.283,0,0,0,1960,0,false,0,0,0,0,0,0,0,2805,912,0,0
635592923,604.214147,6.857,145.0,1.516,0.283,0,0,0,1960,0,false,0,0,0,0,0,0,0,2805,912,0,0
635599585,604.220809,6.894,145.0,1.516,0.283,0,0,0,1960,0,false,0,0,0,0,0,0,0,2805,912,0,0
635606634,604.227858,6.94444444444444,145.0,1.516,0.283,0,0,0,1960,0,false,0,0,0,0,0,0,0,2805,912,0,0
635613489,604.234713,6.94444444444444,145.0,1.516,0.283,0,0,0,1960,0,false,0,0,0,0,0,0,0,2805,912,0,0
635620529,604.241753,6.94444444444444,145.0,1.516,0.283,0,0,0,1960,0,false,0,0,0,0,0,0,0,2805,912,0,0
635627364,604.248588,6.84266666666666,145.0,1.516,0.283,0,0,0,1960,0,false,0,0,0,0,0,0,0,2805,912,0,0
635634158,604.255382,6.898,145.0,1.516,0.283,0,0,0,1960,0,false,0,0,0,0,0,0,0,2805,912,0,0
635641155,604.262379,6.922,145.0,1.516,0.283,0,0,0,1960,0,false,0,0,0,0,0,0,0,2805,912,0,0
635647905,604.269129,6.818,145.0,1.516,0.283,0,0,0,1960,0,false,0,0,0,0,0,0,0,2805,912,0,0
635654788,604.276012,6.89,145.0,1.516,0.283,0,0,0,1960,0,false,0,0,0,0,0,0,0,2805,912,0,0
635661786,604.28301,6.92,145.0,1.516,0.283,0,0,0,1960,0,false,0,0,0,0,0,0,0,2805,912,0,0
635668627,604.289851,6.874,145.0,1.516,0.283,0,0,0,1960,0,false,0,0,0,0,0,0,0,2805,912,0,0
635675629,604.296853,6.94444444444444,145.0,1.516,0.283,0,0,0,1960,0,false,0,0,0,0,0,0,0,2805,912,0,0
635682501,604.303725,6.94444444444444,145.0,1.516,0.283,0,0,0,1960,0,false,0,0,0,0,0,0,0,2805,912,0,0
635689377,604.310601,6.87611111111111,145.0,1.516,0.283,0,0,0,1960,0,false,0,0,0,0,0,0,0,2805,912,0,0
635696262,604.317486,6.838,145.0,1.516,0.283,0,0,0,1960,0,false,0,0,0,0,0,0,0,2805,912,0,0
635703137,604.324361,6.924,145.0,1.516,0.283,0,0,0,1960,0,false,0,0,0,0,0,0,0,2805,912,0,0
635710211,604.331435,6.909,145.0,1.516,0.283,0,0,0,1960,0,false,0,0,0,0,0,0,0,2805,912,0,0
635716916,604.33814,6.881,145.0,1.516,0.283,0,0,0,1960,0,false,0,0,0,0,0,0,0,2805,912,0,0
635723838,604.345062,6.872,145.0,1.516,0.283,0,0,0,1960,0,false,0,0,0,0,0,0,0,2805,912,0,0
635730736,604.35196,6.912,145.0,1.516,0.283,0,0,0,1960,0,false,0,0,0,0,0,0,0,2805,912,0,0
635737631,604.358855,6.94444444444444,145.0,1.516,0.283,0,0,0,1960,0,false,0,0,0,0,0,0,0,2805,912,0,0
635744541,604.365765,6.88955555555555,145.0,1.516,0.283,0,0,0,1960,0,false,0,0,0,0,0,0,0,2805,912,0,0
635751393,604.372617,6.907,145.0,1.516,0.283,0,0,0,1960,0,false,0,0,0,0,0,0,0,2805,912,0,0
635758357,604.379581,6.91,145.0,1.516,0.283,0,0,0,1960,0,false,0,0,0,0,0,0,0,2805,912,0,0
635765219,604.386443,6.911,145.0,1.516,0.283,0,0,0,1960,0,false,0,0,0,0,0,0,0,2805,912,0,0
635772074,604.393298,6.852,145.0,1.516,0.283,0,0,0,1960,0,false,0,0,0,0,0,0,0,2805,912,0,0
635779055,604.400279,6.903,145.0,1.516,0.283,0,0,0,1960,0,false,0,0,0,0,0,0,0,2805,912,0,0
635785970,604.407194,6.94444444444444,145.0,1.516,0.283,0,0,0,1960,0,false,0,0,0,0,0,0,0,2805,912,0,0
635792926,604.41415,6.88555555555555,145.0,1.516,0.283,0,0,0,1960,0,false,0,0,0,0,0,0,0,2805,912,0,0
635799716,604.42094,6.869,145.0,1.516,0.283,0,0,0,1960,0,false,0,0,0,0,0,0,0,2805,912,0,0
635806865,604.428089,6.94444444444444,145.0,1.516,0.283,0,0,0,1960,0,false,0,0,0,0,0,0,0,2805,912,0,0
635813593,604.434817,6.94444444444444,145.0,1.516,0.283,0,0,0,1960,0,false,0,0,0,0,0,0,0,2805,912,0,0
635820458,604.441682,6.85111111111111,145.0,1.516,0.283,0,0,0,1960,0,false,0,0,0,0,0,0,0,2805,912,0,0
635827547,604.448771,6.884,145.0,1.516,0.283,0,0,0,1960,0,false,0,0,0,0,0,0,0,2805,912,0,0
635834251,604.455475,6.873,145.0,1.516,0.283,0,0,0,1960,0,false,0,0,0,0,0,0,0,2805,912,0,0
635841286,604.46251,6.94444444444444,145.0,1.516,0.283,0,0,0,1960,0,false,0,0,0,0,0,0,0,2805,912,0,0
635848041,604.469265,6.89355555555555,145.0,1.516,0.283,0,0,0,1960,0,false,0,0,0,0,0,0,0,2805,912,0,0
635854950,604.476174,6.909,145.0,1.516,0.283,0,0,0,1960,0,false,0,0,0,0,0,0,0,2805,912,0,0
635861889,604.483113,6.804,145.0,1.516,0.283,0,0,0,1960,0,false,0,0,0,0,0,0,0,2805,912,0,0
635868691,604.489915,6.906,145.0,1.516,0.283,0,0,0,1960,0,false,0,0,0,0,0,0,0,2805,912,0,0
635875589,604.496813,6.888,145.0,1.516,0.283,0,0,0,1960,0,false,0,0,0,0,0,0,0,2805,912,0,0
635884406,604.50563,6.94444444444444,145.0,1.516,0.283,0,0,0,1960,0,false,0,0,0,0,0,0,0,2805,912,0,0
635889323,604.510547,6.84855555555555,145.0,1.516,0.283,0,0,0,1960,0,false,0,0,0,0,0,0,0,2805,912,0,0
635896280,604.517504,6.903,145.0,1.516,0.283,0,0,0,1960,0,false,0,0,0,0,0,0,0,2805,912,0,0
635903120,604.524344,6.899,145.0,1.516,0.283,0,0,0,1960,0,false,0,0,0,0,0,0,0,2805,912,0,0
635910087,604.531311,6.895,145.0,1.516,0.283,0,0,0,1960,0,false,0,0,0,0,0,0,0,2805,912,0,0
635916916,604.53814,6.903,145.0,1.516,0.283,0,0,0,1960,0,false,0,0,0,0,0,0,0,2805,912,0,0
635923883,604.545107,6.903,145.0,1.516,0.283,0,0,0,1960,0,false,0,0,0,0,0,0,0,2805,912,0,0
635930717,604.551941,6.897,145.0,1.516,0.283,0,0,0,1960,0,false,0,0,0,0,0,0,0,2805,912,0,0
635937583,604.558807,6.865,145.0,1.516,0.283,0,0,0,1960,0,false,0,0,0,0,0,0,0,2805,912,0,0
635945177,604.566401,6.94444444444444,145.0,1.516,0.283,0,0,0,1960,0,false,0,0,0,0,0,0,0,2805,912,0,0
635951580,604.572804,6.86155555555556,145.0,1.516,0.283,0,0,0,1960,0,false,0,0,0,0,0,0,0,2805,912,0,0
635958372,604.579596,6.928,145.0,1.516,0.283,0,0,0,1960,0,false,0,0,0,0,0,0,0,2805,912,0,0
635966659,604.587883,6.94444444444444,145.0,1.516,0.283,0,0,0,1960,0,false,0,0,0,0,0,0,0,2805,912,0,0
635972122,604.593346,6.86155555555555,145.0,1.516,0.283,0,0,0,1960,0,false,0,0,0,0,0,0,0,2805,912,0,0
635979070,604.600294,6.899,145.0,1.516,0.283,0,0,0,1960,0,false,0,0,0,0,0,0,0,2805,912,0,0
635985932,604.607156,6.905,145.0,1.516,0.283,0,0,0,1960,0,false,0,0,0,0,0,0,0,2805,912,0,0
635992859,604.614083,6.885,145.0,1.516,0.283,0,0,0,1960,0,false,0,0,0,0,0,0,0,2805,912,0,0
635999718,604.620942,6.909,145.0,1.516,0.283,0,0,0,1960,0,false,0,0,0,0,0,0,0,2805,912,0,0
636006666,604.62789,6.91,145.0,1.516,0.283,0,0,0,1960,0,false,0,0,0,0,0,0,0,2805,912,0,0
636013498,604.634722,6.881,145.0,3.515,0.251,0,0,0,1960,0,false,0,0,0,0,0,0,0,2805,912,0,0
636020362,604.641586,6.871,145.0,3.515,0.251,0,0,0,1960,0,false,0,0,0,0,0,0,0,2805,912,0,0
636027367,604.648591,6.929,145.0,3.515,0.251,0,0,0,1960,0,false,0,0,0,0,0,0,0,2805,912,0,0
636034389,604.655613,6.94444444444444,145.0,3.515,0.251,0,0,0,1960,0,false,0,0,0,0,0,0,0,2805,912,0,0
636041163,604.662387,6.90855555555556,145.0,3.515,0.251,0,0,0,1960,0,false,0,0,0,0,0,0,0,2805,912,0,0
636048144,604.669368,6.94444444444444,145.0,3.515,0.251,0,0,0,1960,0,false,0,0,0,0,0,0,0,2805,912,0,0
636055080,604.676304,6.94444444444444,145.0,3.515,0.251,0,0,0,1960,0,false,0,0,0,0,0,0,0,2805,912,0,0
636061961,604.683185,6.90711111111111,145.0,3.515,0.251,0,0,0,1960,0,false,0,0,0,0,0,0,0,2805,912,0,0
636068815,604.690039,6.856,145.0,3.515,0.251,0,0,0,1960,0,false,0,0,0,0,0,0,0,2805,912,0,0
636075619,604.696843,6.797,145.0,3.515,0.251,0,0,0,1960,0,false,0,0,0,0,0,0,0,2805,912,0,0
636082507,604.703731,6.907,145.0,3.515,0.251,0,0,0,1960,0,false,0,0,0,0,0,0,0,2805,912,0,0
636089388,604.710612,6.88,145.0,3.515,0.251,0,0,0,1960,0,false,0,0,0,0,0,0,0,2805,912,0,0
636096394,604.717618,6.94,145.0,3.515,0.251,0,0,0,1960,0,false,0,0,0,0,0,0,0,2805,912,0,0
636103267,604.724491,6.933,145.0,3.515,0.251,0,0,0,1960,0,false,0,0,0,0,0,0,0,2805,912,0,0
636110213,604.731437,6.869,145.0,3.515,0.251,0,0,0,1960,0,false,0,0,0,0,0,0,0,2805,912,0,0
636117152,604.738376,6.94444444444444,145.0,3.515,0.251,0,0,0,1960,0,false,0,0,0,0,0,0,0,2805,912,0,0
636124151,604.745375,6.94255555555555,145.0,3.515,0.251,0,0,0,1960,0,false,0,0,0,0,0,0,0,2805,912,0,0
636130941,604.752165,6.894,145.0,3.515,0.251,0,0,0,1960,0,false,0,0,0,0,0,0,0,2805,912,0,0
636137879,604.759103,6.94,145.0,3.515,0.251,0,0,0,1960,0,false,0,0,0,0,0,0,0,2805,912,0,0
636144770,604.765994,6.808,145.0,3.515,0.251,0,0,0,1960,0,false,0,0,0,0,0,0,0,2805,912,0,0
636151586,604.77281,6.897,145.0,3.515,0.251,0,0,0,1960,0,false,0,0,0,0,0,0,0,2805,912,0,0
636158626,604.77985,6.94444444444444,145.0,3.515,0.251,0,0,0,1960,0,false,0,0,0,0,0,0,0,2805,912,0,0
636165498,604.786722,6.94444444444444,145.0,3.515,0.251,0,0,0,1960,0,false,0,0,0,0,0,0,0,2805,912,0,0
636172409,604.793633,6.93111111111111,145.0,3.515,0.251,0,0,0,1960,0,false,0,0,0,0,0,0,0,2805,912,0,0
636179286,604.80051,6.8,145.0,3.515,0.251,0,0,0,1960,0,false,0,0,0,0,0,0,0,2805,912,0,0
636186117,604.807341,6.908,145.0,3.515,0.251,0,0,0,1960,0,false,0,0,0,0,0,0,0,2805,912,0,0
636193127,604.814351,6.927,145.0,3.515,0.251,0,0,0,1960,0,false,0,0,0,0,0,0,0,2805,912,0,0
636199957,604.821181,6.909,145.0,3.515,0.251,0,0,0,1960,0,false,0,0,0,0,0,0,0,2805,912,0,0
636207085,604.828309,6.913,145.0,3.515,0.251,0,0,0,1960,0,false,0,0,0,0,0,0,0,2805,912,0,0
636213712,604.834936,6.833,145.0,3.515,0.251,0,0,0,1960,0,false,0,0,0,0,0,0,0,2805,912,0,0
636220593,604.841817,6.897,145.0,3.515,0.251,0,0,0,1960,0,false,0,0,0,0,0,0,0,2805,912,0,0
636227567,604.848791,6.873,145.0,3.515,0.251,0,0,0,1960,0,false,0,0,0,0,0,0,0,2805,912,0,0
636234500,604.855724,6.94444444444444,145.0,3.515,0.251,0,0,0,1960,0,false,0,0,0,0,0,0,0,2805,912,0,0
636241610,604.862834,6.94444444444444,145.0,3.515,0.251,0,0,0,1960,0,false,0,0,0,0,0,0,0,2805,912,0,0
636248249,604.869473,6.89411111111111,145.0,3.515,0.251,0,0,0,1960,0,false,0,0,0,0,0,0,0,2805,912,0,0
636255142,604.876366,6.894,145.0,3.515,0.251,0,0,0,1960,0,false,0,0,0,0,0,0,0,2805,912,0,0
636262264,604.883488,6.94444444444444,145.0,3.515,0.251,0,0,0,1960,0,false,0,0,0,0,0,0,0,2805,912,0,0
636269022,604.890246,6.84155555555556,145.0,3.515,0.251,0,0,0,1960,0,false,0,0,0,0,0,0,0,2805,912,0,0
636275887,604.897111,6.857,145.0,3.515,0.251,0,0,0,1960,0,false,0,0,0,0,0,0,0,2805,912,0,0
636282712,604.903936,6.917,145.0,3.515,0.251,0,0,0,1960,0,false,0,0,0,0,0,0,0,2805,912,0,0
636289596,604.91082,6.894,145.0,3.515,0.251,0,0,0,1960,0,false,0,0,0,0,0,0,0,2805,912,0,0
636296624,604.917848,6.921,145.0,3.515,0.251,0,0,0,1960,0,false,0,0,0,0,0,0,0,2805,912,0,0
636303435,604.924659,6.915,145.0,3.515,0.251,0,0,0,1960,0,false,0,0,0,0,0,0,0,2805,912,0,0
636310404,604.931628,6.849,145.0,3.515,0.251,0,0,0,1960,0,false,0,0,0,0,0,0,0,2805,912,0,0
636317253,604.938477,6.94444444444444,145.0,3.515,0.251,0,0,0,1960,0,false,0,0,0,0,0,0,0,2805,912,0,0
636324282,604.945506,6.93355555555555,145.0,3.515,0.251,0,0,0,1960,0,false,0,0,0,0,0,0,0,2805,912,0,0
636331071,604.952295,6.912,145.0,3.515,0.251,0,0,0,1960,0,false,0,0,0,0,0,0,0,2805,912,0,0
636337959,604.959183,6.887,145.0,3.515,0.251,0,0,0,1960,0,false,0,0,0,0,0,0,0,2805,912,0,0
636344907,604.966131,6.867,145.0,3.515,0.251,0,0,0,1960,0,false,0,0,0,0,0,0,0,2805,912,0,0
636351696,604.97292,6.87,145.0,3.515,0.251,0,0,0,1960,0,false,0,0,0,0,0,0,0,2805,912,0,0
636358690,604.979914,6.896,145.0,3.515,0.251,0,0,0,1960,0,false,0,0,0,0,0,0,0,2805,912,0,0
636365542,604.986766,6.94444444444444,145.0,3.515,0.251,0,0,0,1960,0,false,0,0,0,0,0,0,0,2805,912,0,0
636372435,604.993659,6.89755555555555,145.0,3.515,0.251,0,0,0,1960,0,false,0,0,0,0,0,0,0,2805,912,0,0
636379520,605.000744,6.94444444444444,145.0,3.515,0.251,0,0,0,1960,0,false,0,0,0,0,0,0,0,2805,912,0,0
636386257,605.007481,6.87755555555556,145.0,3.515,0.251,0,0,0,1960,0,false,0,0,0,0,0,0,0,2805,912,0,0
636393259,605.014483,6.923,145.0,3.515,0.251,0,0,0,1960,0,false,0,0,0,0,0,0,0,2805,912,0,0
636400065,605.021289,6.885,145.0,3.515,0.251,0,0,0,1960,0,false,0,0,0,0,0,0,0,2805,912,0,0
636407045,605.028269,6.899,145.0,3.515,0.251,0,0,0,1960,0,false,0,0,0,0,0,0,0,2805,912,0,0
636413794,605.035018,6.827,145.0,3.515,0.251,0,0,0,1960,0,false,0,0,0,0,0,0,0,2805,912,0,0
636420685,605.041909,6.894,145.0,3.515,0.251,0,0,0,1960,0,false,0,0,0,0,0,0,0,2805,912,0,0
636427656,605.04888,6.894,145.0,3.515,0.251,0,0,0,1960,0,false,0,0,0,0,0,0,0,2805,912,0,0
636434501,605.055725,6.907,145.0,3.515,0.251,0,0,0,1960,0,false,0,0,0,0,0,0,0,2805,912,0,0
636441689,605.062913,6.94444444444444,145.0,3.515,0.251,0,0,0,1960,0,false,0,0,0,0,0,0,0,2805,912,0,0
636448305,605.069529,6.86555555555555,145.0,3.515,0.251,0,0,0,1960,0,false,0,0,0,0,0,0,0,2805,912,0,0
636455782,605.077006,6.94444444444444,145.0,3.515,0.251,0,0,0,1960,0,false,0,0,0,0,0,0,0,2805,912,0,0
636462293,605.083517,6.84555555555556,145.0,3.515,0.251,0,0,0,1960,0,false,0,0,0,0,0,0,0,2805,912,0,0
636469089,605.090313,6.94444444444444,145.0,3.515,0.251,0,0,0,1960,0,false,0,0,0,0,0,0,0,2805,912,0,0
636476009,605.097233,6.89555555555556,145.0,3.515,0.251,0,0,0,1960,0,false,0,0,0,0,0,0,0,2805,912,0,0
636482865,605.104089,6.94,145.0,3.515,0.251,0,0,0,1960,0,false,0,0,0,0,0,0,0,2805,912,0,0
636489688,605.110912,6.823,145.0,3.515,0.251,0,0,0,1960,0,false,0,0,0,0,0,0,0,2805,912,0,0
636496670,605.117894,6.898,145.0,3.515,0.251,0,0,0,1960,0,false,0,0,0,0,0,0,0,2805,912,0,0
636503600,605.124824,6.94444444444444,145.0,3.515,0.251,0,0,0,1960,0,false,0,0,0,0,0,0,0,2805,912,0,0
636510605,605.131829,6.94444444444444,145.0,3.515,0.251,0,0,0,1960,0,false,0,0,0,0,0,0,0,2805,912,0,0
636517446,605.13867,6.94444444444444,145.0,3.515,0.251,0,0,0,1960,0,false,0,0,0,0,0,0,0,2805,912,0,0
636524436,605.14566,6.87866666666667,145.0,3.515,0.251,0,0,0,1960,0,false,0,0,0,0,0,0,0,2805,912,0,0
636531142,605.152366,6.825,145.0,3.515,0.251,0,0,0,1960,0,false,0,0,0,0,0,0,0,2805,912,0,0
636538061,605.159285,6.894,145.0,3.515,0.251,0,0,0,1960,0,false,0,0,0,0,0,0,0,2805,912,0,0
636545010,605.166234,6.87,145.0,3.515,0.251,0,0,0,1960,0,false,0,0,0,0,0,0,0,2805,912,0,0
636551743,605.172967,6.867,145.0,3.515,0.251,0,0,0,1960,0,false,0,0,0,0,0,0,0,2805,912,0,0
636558773,605.179997,6.902,145.0,3.515,0.251,0,0,0,1960,0,false,0,0,0,0,0,0,0,2805,912,0,0
636565533,605.186757,6.896,145.0,3.515,0.251,0,0,0,1960,0,false,0,0,0,0,0,0,0,2805,912,0,0
636572467,605.193691,6.914,145.0,3.515,0.251,0,0,0,1960,0,false,0,0,0,0,0,0,0,2805,912,0,0
636579493,605.200717,6.94444444444444,145.0,3.515,0.251,0,0,0,1960,0,false,0,0,0,0,0,0,0,2805,912,0,0
636586288,605.207512,6.89755555555555,145.0,3.515,0.251,0,0,0,1960,0,false,0,0,0,0,0,0,0,2805,912,0,0
636593265,605.214489,6.899,145.0,3.515,0.251,0,0,0,1960,0,false,0,0,0,0,0,0,0,2805,912,0,0
636600141,605.221365,6.94444444444444,145.0,3.515,0.251,0,0,0,1960,0,false,0,0,0,0,0,0,0,2805,912,0,0
636607055,605.228279,6.85455555555555,145.0,3.515,0.251,0,0,0,1960,0,false,0,0,0,0,0,0,0,2805,912,0,0
636613911,605.235135,6.905,145.0,3.515,0.251,0,0,0,1960,0,false,0,0,0,0,0,0,0,2805,912,0,0
636620785,605.242009,6.879,145.0,3.515,0.251,0,0,0,1960,0,false,0,0,0,0,0,0,0,2805,912,0,0
636627692,605.248916,6.865,145.0,3.515,0.251,0,0,0,1960,0,false,0,0,0,0,0,0,0,2805,912,0,0
636634523,605.255747,6.894,145.0,3.515,0.251,0,0,0,1960,0,false,0,0,0,0,0,0,0,2805,912,0,0
636641537,605.262761,6.94444444444444,145.0,3.515,0.251,0,0,0,1960,0,false,0,0,0,0,0,0,0,2805,912,0,0
636648414,605.269638,6.94155555555555,145.0,3.515,0.251,0,0,0,1960,0,false,0,0,0,0,0,0,0,2805,912,0,0
636655393,605.276617,6.927,145.0,3.515,0.251,0,0,0,1960,0,false,0,0,0,0,0,0,0,2805,912,0,0
636662532,605.283756,6.934,145.0,3.515,0.251,0,0,0,1960,0,false,0,0,0,0,0,0,0,2805,912,0,0
636669208,605.290432,6.863,145.0,3.515,0.251,0,0,0,1960,0,false,0,0,0,0,0,0,0,2805,912,0,0
636676372,605.297596,6.922,145.0,3.515,0.251,0,0,0,1960,0,false,0,0,0,0,0,0,0,2805,912,0,0
636682886,605.30411,6.805,145.0,3.515,0.251,0,0,0,1960,0,false,0,0,0,0,0,0,0,2805,912,0,0
636689778,605.311002,6.892,145.0,3.515,0.251,0,0,0,1960,0,false,0,0,0,0,0,0,0,2805,912,0,0
636696761,605.317985,6.898,145.0,3.515,0.251,0,0,0,1960,0,false,0,0,0,0,0,0,0,2805,912,0,0
636703686,605.32491,6.94444444444444,145.0,3.515,0.251,0,0,0,1960,0,false,0,0,0,0,0,0,0,2805,912,0,0
636710635,605.331859,6.93055555555555,145.0,3.515,0.251,0,0,0,1960,0,false,0,0,0,0,0,0,0,2805,912,0,0
636717505,605.338729,6.94444444444444,145.0,3.515,0.251,0,0,0,1960,0,false,0,0,0,0,0,0,0,2805,912,0,0
636724466,605.34569,6.89455555555555,145.0,3.515,0.251,0,0,0,1960,0,false,0,0,0,0,0,0,0,2805,912,0,0
636731252,605.352476,6.863,145.0,3.515,0.251,0,0,0,1960,0,false,0,0,0,0,0,0,0,2805,912,0,0
636738146,605.35937,6.895,145.0,3.515,0.251,0,0,0,1960,0,false,0,0,0,0,0,0,0,2805,912,0,0
636745163,605.366387,6.939,145.0,3.515,0.251,0,0,0,1960,0,false,0,0,0,0,0,0,0,2805,912,0,0
636751898,605.373122,6.814,145.0,3.515,0.251,0,0,0,1960,0,false,0,0,0,0,0,0,0,2805,912,0,0
636758869,605.380093,6.892,145.0,3.515,0.251,0,0,0,1960,0,false,0,0,0,0,0,0,0,2805,912,0,0
636765702,605.386926,6.911,145.0,3.515,0.251,0,0,0,1960,0,false,0,0,0,0,0,0,0,2805,912,0,0
636772606,605.39383,6.902,145.0,3.515,0.251,0,0,0,1960,0,false,0,0,0,0,0,0,0,2805,912,0,0
636779528,605.400752,6.845,145.0,3.515,0.251,0,0,0,1960,0,false,0,0,0,0,0,0,0,2805,912,0,0
636786405,605.407629,6.94444444444444,145.0,3.515,0.251,0,0,0,1960,0,false,0,0,0,0,0,0,0,2805,912,0,0
636793466,605.41469,6.94444444444444,145.0,3.515,0.251,0,0,0,1960,0,false,0,0,0,0,0,0,0,2805,912,0,0
636800252,605.421476,6.91411111111111,145.0,3.515,0.251,0,0,0,1960,0,false,0,0,0,0,0,0,0,2805,912,0,0
636807288,605.428512,6.94444444444444,145.0,3.515,0.251,0,0,0,1960,0,false,0,0,0,0,0,0,0,2805,912,0,0
636814055,605.435279,6.85655555555556,145.0,3.515,0.251,0,0,0,1960,0,false,0,0,0,0,0,0,0,2805,912,0,0
636820949,605.442173,6.893,145.0,3.515,0.251,0,0,0,1960,0,false,0,0,0,0,0,0,0,2805,912,0,0
636828006,605.44923,6.896,145.0,3.515,0.251,0,0,0,1960,0,false,0,0,0,0,0,0,0,2805,912,0,0
636834692,605.455916,6.846,145.0,3.515,0.251,0,0,0,1960,0,false,0,0,0,0,0,0,0,2805,912,0,0
636841643,605.462867,6.868,145.0,3.515,0.251,0,0,0,1960,0,false,0,0,0,0,0,0,0,2805,912,0,0
636848569,605.469793,6.94444444444444,145.0,3.515,0.251,0,0,0,1960,0,false,0,0,0,0,0,0,0,2805,912,0,0
636855483,605.476707,6.94444444444444,145.0,3.515,0.251,0,0,0,1960,0,false,0,0,0,0,0,0,0,2805,912,0,0
636862495,605.483719,6.94444444444444,145.0,3.515,0.251,0,0,0,1960,0,false,0,0,0,0,0,0,0,2805,912,0,0
636869299,605.490523,6.86266666666666,145.0,3.515,0.251,0,0,0,1960,0,false,0,0,0,0,0,0,0,2805,912,0,0
636876263,605.497487,6.912,145.0,3.515,0.251,0,0,0,1960,0,false,0,0,0,0,0,0,0,2805,912,0,0
636883121,605.504345,6.913,145.0,3.515,0.251,0,0,0,1960,0,false,0,0,0,0,0,0,0,2805,912,0,0
636890256,605.51148,6.847,145.0,3.515,0.251,0,0,0,1960,0,false,0,0,0,0,0,0,0,2805,912,0,0
636896799,605.518023,6.869,145.0,3.515,0.251,0,0,0,1960,0,false,0,0,0,0,0,0,0,2805,912,0,0
636903649,605.524873,6.865,145.0,3.515,0.251,0,0,0,1960,0,false,0,0,0,0,0,0,0,2805,912,0,0
636910613,605.531837,6.895,145.0,3.515,0.251,0,0,0,1960,0,false,0,0,0,0,0,0,0,2805,912,0,0
636917409,605.538633,6.861,145.0,3.515,0.251,0,0,0,1960,0,false,0,0,0,0,0,0,0,2805,912,0,0
636924472,605.545696,6.94444444444444,145.0,3.515,0.251,0,0,0,1960,0,false,0,0,0,0,0,0,0,2805,912,0,0
636931332,605.552556,6.94444444444444,145.0,3.515,0.251,0,0,0,1960,0,false,0,0,0,0,0,0,0,2805,912,0,0
636938185,605.559409,6.90811111111111,145.0,3.515,0.251,0,0,0,1960,0,false,0,0,0,0,0,0,0,2805,912,0,0
636945195,605.566419,6.904,145.0,3.515,0.251,0,0,0,1960,0,false,0,0,0,0,0,0,0,2805,912,0,0
636951931,605.573155,6.836,145.0,3.515,0.251,0,0,0,1960,0,false,0,0,0,0,0,0,0,2805,912,0,0
636959253,605.580477,6.941,145.0,3.515,0.251,0,0,0,1960,0,false,0,0,0,0,0,0,0,2805,912,0,0
636965825,605.587049,6.933,145.0,3.515,0.251,0,0,0,1960,0,false,0,0,0,0,0,0,0,2805,912,0,0
636972676,605.5939,6.849,145.0,3.515,0.251,0,0,0,1960,0,false,0,0,0,0,0,0,0,2805,912,0,0
636979843,605.601067,6.94444444444444,145.0,3.515,0.251,0,0,0,1960,0,false,0,0,0,0,0,0,0,2805,912,0,0
636986490,605.607714,6.84355555555555,145.0,3.515,0.251,0,0,0,1960,0,false,0,0,0,0,0,0,0,2805,912,0,0
636993575,605.614799,6.94444444444444,145.0,3.515,0.251,0,0,0,1960,0,false,0,0,0,0,0,0,0,2805,912,0,0
637000396,605.62162,6.94444444444444,145.0,3.515,0.251,0,0,0,1960,0,false,0,0,0,0,0,0,0,2805,912,0,0
637007285,605.628509,6.81511111111111,144.0,1.526,0.327,0,0,0,1960,0,false,0,0,0,0,0,0,0,2805,912,0,0
637014077,605.635301,6.908,144.0,1.526,0.327,0,0,0,1960,0,false,0,0,0,0,0,0,0,2805,912,0,0
637020948,605.642172,6.866,144.0,1.526,0.327,0,0,0,1960,0,false,0,0,0,0,0,0,0,2805,912,0,0
637027920,605.649144,6.916,144.0,1.526,0.327,0,0,0,1960,0,false,0,0,0,0,0,0,0,2805,912,0,0
637034781,605.656005,6.942,144.0,1.526,0.327,0,0,0,1960,0,false,0,0,0,0,0,0,0,2805,912,0,0
637041706,605.66293,6.862,144.0,1.526,0.327,0,0,0,1960,0,false,0,0,0,0,0,0,0,2805,912,0,0
637048529,605.669753,6.888,144.0,1.526,0.327,0,0,0,1960,0,false,0,0,0,0,0,0,0,2805,912,0,0
637055477,605.676701,6.923,144.0,1.526,0.327,0,0,0,1960,0,false,0,0,0,0,0,0,0,2805,912,0,0
637062601,605.683825,6.94444444444444,144.0,1.526,0.327,0,0,0,1960,0,false,0,0,0,0,0,0,0,2805,912,0,0
637069405,605.690629,6.91455555555555,144.0,1.526,0.327,0,0,0,1960,0,false,0,0,0,0,0,0,0,2805,912,0,0
637076422,605.697646,6.925,144.0,1.526,0.327,0,0,0,1960,0,false,0,0,0,0,0,0,0,2805,912,0,0
637083089,605.704313,6.802,144.0,1.526,0.327,0,0,0,1960,0,false,0,0,0,0,0,0,0,2805,912,0,0
637090153,605.711377,6.94444444444444,144.0,1.526,0.327,0,0,0,1960,0,false,0,0,0,0,0,0,0,2805,912,0,0
637096896,605.71812,6.91855555555556,144.0,1.526,0.327,0,0,0,1960,0,false,0,0,0,0,0,0,0,2805,912,0,0
637103773,605.724997,6.865,144.0,1.526,0.327,0,0,0,1960,0,false,0,0,0,0,0,0,0,2805,912,0,0
637110781,605.732005,6.857,144.0,1.526,0.327,0,0,0,1960,0,false,0,0,0,0,0,0,0,2805,912,0,0
637117521,605.738745,6.902,144.0,1.526,0.327,0,0,0,1960,0,false,0,0,0,0,0,0,0,2805,912,0,0
637124445,605.745669,6.862,144.0,1.526,0.327,0,0,0,1960,0,false,0,0,0,0,0,0,0,2805,912,0,0
637131395,605.752619,6.94444444444444,144.0,1.526,0.327,0,0,0,1960,0,false,0,0,0,0,0,0,0,2805,912,0,0
637138387,605.759611,6.94444444444444,144.0,1.526,0.327,0,0,0,1960,0,false,0,0,0,0,0,0,0,2805,912,0,0
637145391,605.766615,6.94444444444444,144.0,1.526,0.327,0,0,0,1960,0,false,0,0,0,0,0,0,0,2805,912,0,0
637152153,605.773377,6.91166666666667,144.0,1.526,0.327,0,0,0,1960,0,false,0,0,0,0,0,0,0,2805,912,0,0
637159166,605.78039,6.932,144.0,1.526,0.327,0,0,0,1960,0,false,0,0,0,0,0,0,0,2805,912,0,0
637165953,605.787177,6.869,144.0,1.526,0.327,0,0,0,1960,0,false,0,0,0,0,0,0,0,2805,912,0,0
637172834,605.794058,6.88,144.0,1.526,0.327,0,0,0,1960,0,false,0,0,0,0,0,0,0,2805,912,0,0
637179777,605.801001,6.857,144.0,1.526,0.327,0,0,0,1960,0,false,0,0,0,0,0,0,0,2805,912,0,0
637186565,605.807789,6.874,144.0,1.526,0.327,0,0,0,1960,0,false,0,0,0,0,0,0,0,2805,912,0,0
637193612,605.814836,6.94444444444444,144.0,1.526,0.327,0,0,0,1960,0,false,0,0,0,0,0,0,0,2805,912,0,0
637200487,605.821711,6.94444444444444,144.0,1.526,0.327,0,0,0,1960,0,false,0,0,0,0,0,0,0,2805,912,0,0
637207511,605.828735,6.94444444444444,144.0,1.526,0.327,0,0,0,1960,0,false,0,0,0,0,0,0,0,2805,912,0,0
637214263,605.835487,6.86466666666666,144.0,1.526,0.327,0,0,0,1960,0,false,0,0,0,0,0,0,0,2805,912,0,0
637221173,605.842397,6.911,144.0,1.526,0.327,0,0,0,1960,0,false,0,0,0,0,0,0,0,2805,912,0,0
637228168,605.849392,6.913,144.0,1.526,0.327,0,0,0,1960,0,false,0,0,0,0,0,0,0,2805,912,0,0
637235099,605.856323,6.94444444444444,144.0,1.526,0.327,0,0,0,1960,0,false,0,0,0,0,0,0,0,2805,912,0,0
637242025,605.863249,6.78855555555556,144.0,1.526,0.327,0,0,0,1960,0,false,0,0,0,0,0,0,0,2805,912,0,0
637248717,605.869941,6.881,144.0,1.526,0.327,0,0,0,1960,0,false,0,0,0,0,0,0,0,2805,912,0,0
637255613,605.876837,6.898,144.0,1.526,0.327,0,0,0,1960,0,false,0,0,0,0,0,0,0,2805,912,0,0
637262578,605.883802,6.9,144.0,1.526,0.327,0,0,0,1960,0,false,0,0,0,0,0,0,0,2805,912,0,0
637269387,605.890611,6.848,144.0,1.526,0.327,0,0,0,1960,0,false,0,0,0,0,0,0,0,2805,912,0,0
637276358,605.897582,6.94444444444444,144.0,1.526,0.327,0,0,0,1960,0,false,0,0,0,0,0,0,0,2805,912,0,0
637283136,605.90436,6.86255555555555,144.0,1.526,0.327,0,0,0,1960,0,false,0,0,0,0,0,0,0,2805,912,0,0
637290142,605.911366,6.94444444444444,144.0,1.526,0.327,0,0,0,1960,0,false,0,0,0,0,0,0,0,2805,912,0,0
637296984,605.918208,6.91555555555555,144.0,1.526,0.327,0,0,0,1960,0,false,0,0,0,0,0,0,0,2805,912,0,0
637303892,605.925116,6.901,144.0,1.526,0.327,0,0,0,1960,0,false,0,0,0,0,0,0,0,2805,912,0,0
637310893,605.932117,6.923,144.0,1.526,0.327,0,0,0,1960,0,false,0,0,0,0,0,0,0,2805,912,0,0
637317726,605.93895,6.869,144.0,1.526,0.327,0,0,0,1960,0,false,0,0,0,0,0,0,0,2805,912,0,0
637324965,605.946189,6.912,144.0,1.526,0.327,0,0,0,1960,0,false,0,0,0,0,0,0,0,2805,912,0,0
637331555,605.952779,6.917,144.0,1.526,0.327,0,0,0,1960,0,false,0,0,0,0,0,0,0,2805,912,0,0
637338413,605.959637,6.89,144.0,1.526,0.327,0,0,0,1960,0,false,0,0,0,0,0,0,0,2805,912,0,0
637345477,605.966701,6.895,144.0,1.526,0.327,0,0,0,1960,0,false,0,0,0,0,0,0,0,2805,912,0,0
637352151,605.973375,6.833,144.0,1.526,0.327,0,0,0,1960,0,false,0,0,0,0,0,0,0,2805,912,0,0
637359205,605.980429,6.94444444444444,144.0,1.526,0.327,0,0,0,1960,0,false,0,0,0,0,0,0,0,2805,912,0,0
637365987,605.987211,6.91755555555556,144.0,1.526,0.327,0,0,0,1960,0,false,0,0,0,0,0,0,0,2805,912,0,0
637372885,605.994109,6.898,144.0,1.526,0.327,0,0,0,1960,0,false,0,0,0,0,0,0,0,2805,912,0,0
637379837,606.001061,6.901,144.0,1.526,0.327,0,0,0,1960,0,false,0,0,0,0,0,0,0,2805,912,0,0
637386659,606.007883,6.856,144.0,1.526,0.327,0,0,0,1960,0,false,0,0,0,0,0,0,0,2805,912,0,0
637393691,606.014915,6.919,144.0,1.526,0.327,0,0,0,1960,0,false,0,0,0,0,0,0,0,2805,912,0,0
637400542,606.021766,6.94444444444444,144.0,1.526,0.327,0,0,0,1960,0,false,0,0,0,0,0,0,0,2805,912,0,0
637407579,606.028803,6.94444444444444,144.0,1.526,0.327,0,0,0,1960,0,false,0,0,0,0,0,0,0,2805,912,0,0
637414383,606.035607,6.87311111111111,144.0,1.526,0.327,0,0,0,1960,0,false,0,0,0,0,0,0,0,2805,912,0,0
637421247,606.042471,6.897,144.0,1.526,0.327,0,0,0,1960,0,false,0,0,0,0,0,0,0,2805,912,0,0
637428231,606.049455,6.898,144.0,1.526,0.327,0,0,0,1960,0,false,0,0,0,0,0,0,0,2805,912,0,0
637435074,606.056298,6.927,144.0,1.526,0.327,0,0,0,1960,0,false,0,0,0,0,0,0,0,2805,912,0,0
637441968,606.063192,6.798,144.0,1.526,0.327,0,0,0,1960,0,false,0,0,0,0,0,0,0,2805,912,0,0
637448839,606.070063,6.935,144.0,1.526,0.327,0,0,0,1960,0,false,0,0,0,0,0,0,0,2805,912,0,0
637455709,606.076933,6.874,144.0,1.526,0.327,0,0,0,1960,0,false,0,0,0,0,0,0,0,2805,912,0,0
637463170,606.084394,6.911,144.0,1.526,0.327,0,0,0,1960,0,false,0,0,0,0,0,0,0,2805,912,0,0
637469502,606.090726,6.894,144.0,1.526,0.327,0,0,0,1960,0,false,0,0,0,0,0,0,0,2805,912,0,0
637476468,606.097692,6.869,144.0,1.526,0.327,0,0,0,1960,0,false,0,0,0,0,0,0,0,2805,912,0,0
637483243,606.104467,6.907,144.0,1.526,0.327,0,0,0,1960,0,false,0,0,0,0,0,0,0,2805,912,0,0
637490285,606.111509,6.895,144.0,1.526,0.327,0,0,0,1960,0,false,0,0,0,0,0,0,0,2805,912,0,0
637497089,606.118313,6.94444444444444,144.0,1.526,0.327,0,0,0,1960,0,false,0,0,0,0,0,0,0,2805,912,0,0
637503978,606.125202,6.90455555555556,144.0,1.526,0.327,0,0,0,1960,0,false,0,0,0,0,0,0,0,2805,912,0,0
637510938,606.132162,6.893,144.0,1.526,0.327,0,0,0,1960,0,false,0,0,0,0,0,0,0,2805,912,0,0
637517911,606.139135,6.94444444444444,144.0,1.526,0.327,0,0,0,1960,0,false,0,0,0,0,0,0,0,2805,912,0,0
637524814,606.146038,6.87855555555555,144.0,1.526,0.327,0,0,0,1960,0,false,0,0,0,0,0,0,0,2805,912,0,0
637531578,606.152802,6.857,144.0,1.526,0.327,0,0,0,1960,0,false,0,0,0,0,0,0,0,2805,912,0,0
637538516,606.15974,6.906,144.0,1.526,0.327,0,0,0,1960,0,false,0,0,0,0,0,0,0,2805,912,0,0
637545763,606.166987,6.94,144.0,1.526,0.327,0,0,0,1960,0,false,0,0,0,0,0,0,0,2805,912,0,0
637552280,606.173504,6.849,144.0,1.526,0.327,0,0,0,1960,0,false,0,0,0,0,0,0,0,2805,912,0,0
637559413,606.180637,6.94,144.0,1.526,0.327,0,0,0,1960,0,false,0,0,0,0,0,0,0,2805,912,0,0
637566268,606.187492,6.935,144.0,1.526,0.327,0,0,0,1960,0,false,0,0,0,0,0,0,0,2805,912,0,0
637573041,606.194265,6.844,144.0,1.526,0.327,0,0,0,1960,0,false,0,0,0,0,0,0,0,2805,912,0,0
637579878,606.201102,6.854,144.0,1.526,0.327,0,0,0,1960,0,false,0,0,0,0,0,0,0,2805,912,0,0
637586718,606.207942,6.897,144.0,1.526,0.327,0,0,0,1960,0,false,0,0,0,0,0,0,0,2805,912,0,0
637593702,606.214926,6.943,144.0,1.526,0.327,0,0,0,1960,0,false,0,0,0,0,0,0,0,2805,912,0,0
637600544,606.221768,6.876,144.0,1.526,0.327,0,0,0,1960,0,false,0,0,0,0,0,0,0,2805,912,0,0
637607476,606.2287,6.888,144.0,1.526,0.327,0,0,0,1960,0,false,0,0,0,0,0,0,0,2805,912,0,0
637614417,606.235641,6.94444444444444,144.0,1.526,0.327,0,0,0,1960,0,false,0,0,0,0,0,0,0,2805,912,0,0
637621288,606.242512,6.89455555555555,144.0,1.526,0.327,0,0,0,1960,0,false,0,0,0,0,0,0,0,2805,912,0,0
637628418,606.249642,6.94444444444444,144.0,1.526,0.327,0,0,0,1960,0,false,0,0,0,0,0,0,0,2805,912,0,0
637635152,606.256376,6.91955555555555,144.0,1.526,0.327,0,0,0,1960,0,false,0,0,0,0,0,0,0,2805,912,0,0
637642126,606.26335,6.895,144.0,1.526,0.327,0,0,0,1960,0,false,0,0,0,0,0,0,0,2805,912,0,0
637648959,606.270183,6.912,144.0,1.526,0.327,0,0,0,1960,0,false,0,0,0,0,0,0,0,2805,912,0,0
637655850,606.277074,6.89,144.0,1.526,0.327,0,0,0,1960,0,false,0,0,0,0,0,0,0,2805,912,0,0
637662790,606.284014,6.855,144.0,1.526,0.327,0,0,0,1960,0,false,0,0,0,0,0,0,0,2805,912,0,0
637669637,606.290861,6.852,144.0,1.526,0.327,0,0,0,1960,0,false,0,0,0,0,0,0,0,2805,912,0,0
637676639,606.297863,6.94444444444444,144.0,1.526,0.327,0,0,0,1960,0,false,0,0,0,0,0,0,0,2805,912,0,0
637683490,606.304714,6.94444444444444,144.0,1.526,0.327,0,0,0,1960,0,false,0,0,0,0,0,0,0,2805,912,0,0
637690512,606.311736,6.87011111111111,144.0,1.526,0.327,0,0,0,1960,0,false,0,0,0,0,0,0,0,2805,912,0,0
637697269,606.318493,6.943,144.0,1.526,0.327,0,0,0,1960,0,false,0,0,0,0,0,0,0,2805,912,0,0
637704180,606.325404,6.914,144.0,1.526,0.327,0,0,0,1960,0,false,0,0,0,0,0,0,0,2805,912,0,0
637711070,606.332294,6.804,144.0,1.526,0.327,0,0,0,1960,0,false,0,0,0,0,0,0,0,2805,912,0,0
637717857,606.339081,6.88,144.0,1.526,0.327,0,0,0,1960,0,false,0,0,0,0,0,0,0,2805,912,0,0
637724849,606.346073,6.937,144.0,1.526,0.327,0,0,0,1960,0,false,0,0,0,0,0,0,0,2805,912,0,0
637731667,606.352891,6.898,144.0,1.526,0.327,0,0,0,1960,0,false,0,0,0,0,0,0,0,2805,912,0,0
637738519,606.359743,6.854,144.0,1.526,0.327,0,0,0,1960,0,false,0,0,0,0,0,0,0,2805,912,0,0
637745443,606.366667,6.862,144.0,1.526,0.327,0,0,0,1960,0,false,0,0,0,0,0,0,0,2805,912,0,0
637752386,606.37361,6.94444444444444,144.0,1.526,0.327,0,0,0,1960,0,false,0,0,0,0,0,0,0,2805,912,0,0
637759489,606.380713,6.94444444444444,144.0,1.526,0.327,0,0,0,1960,0,false,0,0,0,0,0,0,0,2805,912,0,0
637766248,606.387472,6.94444444444444,144.0,1.526,0.327,0,0,0,1960,0,false,0,0,0,0,0,0,0,2805,912,0,0
637773283,606.394507,6.94444444444444,144.0,1.526,0.327,0,0,0,1960,0,false,0,0,0,0,0,0,0,2805,912,0,0
637780081,606.401305,6.89622222222222,144.0,1.526,0.327,0,0,0,1960,0,false,0,0,0,0,0,0,0,2805,912,0,0
637786876,606.4081,6.795,144.0,1.526,0.327,0,0,0,1960,0,false,0,0,0,0,0,0,0,2805,912,0,0
637793907,606.415131,6.94444444444444,144.0,1.526,0.327,0,0,0,1960,0,false,0,0,0,0,0,0,0,2805,912,0,0
637800686,606.42191,6.86555555555555,144.0,1.526,0.327,0,0,0,1960,0,false,0,0,0,0,0,0,0,2805,912,0,0
637807708,606.428932,6.911,144.0,1.526,0.327,0,0,0,1960,0,false,0,0,0,0,0,0,0,2805,912,0,0
637814559,606.435783,6.94444444444444,144.0,1.526,0.327,0,0,0,1960,0,false,0,0,0,0,0,0,0,2805,912,0,0
637821491,606.442715,6.94444444444444,144.0,1.526,0.327,0,0,0,1960,0,false,0,0,0,0,0,0,0,2805,912,0,0
637828416,606.44964,6.79611111111111,144.0,1.526,0.327,0,0,0,1960,0,false,0,0,0,0,0,0,0,2805,912,0,0
637835264,606.456488,6.94444444444444,144.0,1.526,0.327,0,0,0,1960,0,false,0,0,0,0,0,0,0,2805,912,0,0
637842237,606.463461,6.92255555555556,144.0,1.526,0.327,0,0,0,1960,0,false,0,0,0,0,0,0,0,2805,912,0,0
637849092,606.470316,6.943,144.0,1.526,0.327,0,0,0,1960,0,false,0,0,0,0,0,0,0,2805,912,0,0
637855885,606.477109,6.793,144.0,1.526,0.327,0,0,0,1960,0,false,0,0,0,0,0,0,0,2805,912,0,0
637862922,606.484146,6.94444444444444,144.0,1.526,0.327,0,0,0,1960,0,false,0,0,0,0,0,0,0,2805,912,0,0
637869742,606.490966,6.86755555555555,144.0,1.526,0.327,0,0,0,1960,0,false,0,0,0,0,0,0,0,2805,912,0,0
637876676,606.4979,6.894,144.0,1.526,0.327,0,0,0,1960,0,false,0,0,0,0,0,0,0,2805,912,0,0
637883616,606.50484,6.94444444444444,144.0,1.526,0.327,0,0,0,1960,0,false,0,0,0,0,0,0,0,2805,912,0,0
637890637,606.511861,6.93255555555555,144.0,1.526,0.327,0,0,0,1960,0,false,0,0,0,0,0,0,0,2805,912,0,0
637897381,606.518605,6.886,144.0,1.526,0.327,0,0,0,1960,0,false,0,0,0,0,0,0,0,2805,912,0,0
637904202,606.525426,6.833,144.0,1.526,0.327,0,0,0,1960,0,false,0,0,0,0,0,0,0,2805,912,0,0
637911190,606.532414,6.936,144.0,1.526,0.327,0,0,0,1960,0,false,0,0,0,0,0,0,0,2805,912,0,0
637917984,606.539208,6.828,144.0,1.526,0.327,0,0,0,1960,0,false,0,0,0,0,0,0,0,2805,912,0,0
637924899,606.546123,6.885,144.0,1.526,0.327,0,0,0,1960,0,false,0,0,0,0,0,0,0,2805,912,0,0
637931777,606.553001,6.94444444444444,144.0,1.526,0.327,0,0,0,1960,0,false,0,0,0,0,0,0,0,2805,912,0,0
637938702,606.559926,6.90955555555556,144.0,1.526,0.327,0,0,0,1960,0,false,0,0,0,0,0,0,0,2805,912,0,0
637945586,606.56681,6.855,144.0,1.526,0.327,0,0,0,1960,0,false,0,0,0,0,0,0,0,2805,912,0,0
637952536,606.57376,6.94444444444444,144.0,1.526,0.327,0,0,0,1960,0,false,0,0,0,0,0,0,0,2805,912,0,0
637959448,606.580672,6.91455555555555,144.0,1.526,0.327,0,0,0,1960,0,false,0,0,0,0,0,0,0,2805,912,0,0
637966437,606.587661,6.847,144.0,1.526,0.327,0,0,0,1960,0,false,0,0,0,0,0,0,0,2805,912,0,0
637973334,606.594558,6.94444444444444,144.0,1.526,0.327,0,0,0,1960,0,false,0,0,0,0,0,0,0,2805,912,0,0
637980111,606.601335,6.92555555555556,144.0,1.526,0.327,0,0,0,1960,0,false,0,0,0,0,0,0,0,2805,912,0,0
637987081,606.608305,6.94444444444444,144.0,1.526,0.327,0,0,0,1960,0,false,0,0,0,0,0,0,0,2805,912,0,0
637994118,606.615342,6.85055555555556,144.0,1.526,0.327,0,0,0,1960,0,false,0,0,0,0,0,0,0,2805,912,0,0
638000825,606.622049,6.886,144.0,1.526,0.327,0,0,0,1960,0,false,0,0,0,0,0,0,0,2805,912,0,0
638007826,606.62905,6.889,145.0,1.515,0.335,0,0,0,1960,0,false,0,0,0,0,0,0,0,2805,912,0,0
638014590,606.635814,6.887,145.0,1.515,0.335,0,0,0,1960,0,false,0,0,0,0,0,0,0,2805,912,0,0
638021448,606.642672,6.872,145.0,1.515,0.335,0,0,0,1960,0,false,0,0,0,0,0,0,0,2805,912,0,0
638028477,606.649701,6.94444444444444,145.0,1.515,0.335,0,0,0,1960,0,false,0,0,0,0,0,0,0,2805,912,0,0
638035229,606.656453,6.84455555555556,145.0,1.515,0.335,0,0,0,1960,0,false,0,0,0,0,0,0,0,2805,912,0,0
638042265,606.663489,6.94444444444444,145.0,1.515,0.335,0,0,0,1960,0,false,0,0,0,0,0,0,0,2805,912,0,0
638049116,606.67034,6.94444444444444,145.0,1.515,0.335,0,0,0,1960,0,false,0,0,0,0,0,0,0,2805,912,0,0
638055978,606.677202,6.87811111111111,145.0,1.515,0.335,0,0,0,1960,0,false,0,0,0,0,0,0,0,2805,912,0,0
638062926,606.68415,6.89,145.0,1.515,0.335,0,0,0,1960,0,false,0,0,0,0,0,0,0,2805,912,0,0
638069807,606.691031,6.888,145.0,1.515,0.335,0,0,0,1960,0,false,0,0,0,0,0,0,0,2805,912,0,0
638076829,606.698053,6.94444444444444,145.0,1.515,0.335,0,0,0,1960,0,false,0,0,0,0,0,0,0,2805,912,0,0
638083600,606.704824,6.87055555555555,145.0,1.515,0.335,0,0,0,1960,0,false,0,0,0,0,0,0,0,2805,912,0,0
638090653,606.711877,6.94444444444444,145.0,1.515,0.335,0,0,0,1960,0,false,0,0,0,0,0,0,0,2805,912,0,0
638097470,606.718694,6.92655555555556,145.0,1.515,0.335,0,0,0,1960,0,false,0,0,0,0,0,0,0,2805,912,0,0
638104407,606.725631,6.934,145.0,1.515,0.335,0,0,0,1960,0,false,0,0,0,0,0,0,0,2805,912,0,0
638111286,606.73251,6.768,145.0,1.515,0.335,0,0,0,1960,0,false,0,0,0,0,0,0,0,2805,912,0,0
638118146,606.73937,6.94444444444444,145.0,1.515,0.335,0,0,0,1960,0,false,0,0,0,0,0,0,0,2805,912,0,0
638125236,606.74646,6.94155555555555,145.0,1.515,0.335,0,0,0,1960,0,false,0,0,0,0,0,0,0,2805,912,0,0
638131937,606.753161,6.841,145.0,1.515,0.335,0,0,0,1960,0,false,0,0,0,0,0,0,0,2805,912,0,0
638138812,606.760036,6.9,145.0,1.515,0.335,0,0,0,1960,0,false,0,0,0,0,0,0,0,2805,912,0,0
638145756,606.76698,6.874,145.0,1.515,0.335,0,0,0,1960,0,false,0,0,0,0,0,0,0,2805,912,0,0
638152553,606.773777,6.887,145.0,1.515,0.335,0,0,0,1960,0,false,0,0,0,0,0,0,0,2805,912,0,0
638159513,606.780737,6.896,145.0,1.515,0.335,0,0,0,1960,0,false,0,0,0,0,0,0,0,2805,912,0,0
638166354,606.787578,6.895,145.0,1.515,0.335,0,0,0,1960,0,false,0,0,0,0,0,0,0,2805,912,0,0
638173378,606.794602,6.94444444444444,145.0,1.515,0.335,0,0,0,1960,0,false,0,0,0,0,0,0,0,2805,912,0,0
638180257,606.801481,6.94444444444444,145.0,1.515,0.335,0,0,0,1960,0,false,0,0,0,0,0,0,0,2805,912,0,0
638187016,606.80824,6.79211111111111,145.0,1.515,0.335,0,0,0,1960,0,false,0,0,0,0,0,0,0,2805,912,0,0
638194021,606.815245,6.94444444444444,145.0,1.515,0.335,0,0,0,1960,0,false,0,0,0,0,0,0,0,2805,912,0,0
638200927,606.822151,6.94444444444444,145.0,1.515,0.335,0,0,0,1960,0,false,0,0,0,0,0,0,0,2805,912,0,0
638207824,606.829048,6.90811111111111,145.0,1.515,0.335,0,0,0,1960,0,false,0,0,0,0,0,0,0,2805,912,0,0
638214685,606.835909,6.891,145.0,1.515,0.335,0,0,0,1960,0,false,0,0,0,0,0,0,0,2805,912,0,0
638221506,606.84273,6.818,145.0,1.515,0.335,0,0,0,1960,0,false,0,0,0,0,0,0,0,2805,912,0,0
638228513,606.849737,6.94444444444444,145.0,1.515,0.335,0,0,0,1960,0,false,0,0,0,0,0,0,0,2805,912,0,0
638235385,606.856609,6.90955555555556,145.0,1.515,0.335,0,0,0,1960,0,false,0,0,0,0,0,0,0,2805,912,0,0
638242554,606.863778,6.94444444444444,145.0,1.515,0.335,0,0,0,1960,0,false,0,0,0,0,0,0,0,2805,912,0,0
638249283,606.870507,6.92555555555555,145.0,1.515,0.335,0,0,0,1960,0,false,0,0,0,0,0,0,0,2805,912,0,0
638256149,606.877373,6.882,145.0,1.515,0.335,0,0,0,1960,0,false,0,0,0,0,0,0,0,2805,912,0,0
638263095,606.884319,6.836,145.0,1.515,0.335,0,0,0,1960,0,false,0,0,0,0,0,0,0,2805,912,0,0
638269971,606.891195,6.92,145.0,1.515,0.335,0,0,0,1960,0,false,0,0,0,0,0,0,0,2805,912,0,0
638276943,606.898167,6.919,145.0,1.515,0.335,0,0,0,1960,0,false,0,0,0,0,0,0,0,2805,912,0,0
638283645,606.904869,6.842,145.0,1.515,0.335,0,0,0,1960,0,false,0,0,0,0,0,0,0,2805,912,0,0
638290606,606.91183,6.898,145.0,1.515,0.335,0,0,0,1960,0,false,0,0,0,0,0,0,0,2805,912,0,0
638297474,606.918698,6.933,145.0,1.515,0.335,0,0,0,1960,0,false,0,0,0,0,0,0,0,2805,912,0,0
638304405,606.925629,6.931,145.0,1.515,0.335,0,0,0,1960,0,false,0,0,0,0,0,0,0,2805,912,0,0
638311476,606.9327,6.893,145.0,1.515,0.335,0,0,0,1960,0,false,0,0,0,0,0,0,0,2805,912,0,0
638318251,606.939475,6.939,145.0,1.515,0.335,0,0,0,1960,0,false,0,0,0,0,0,0,0,2805,912,0,0
638325197,606.946421,6.869,145.0,1.515,0.335,0,0,0,1960,0,false,0,0,0,0,0,0,0,2805,912,0,0
638332032,606.953256,6.913,145.0,1.515,0.335,0,0,0,1960,0,false,0,0,0,0,0,0,0,2805,912,0,0
638338937,606.960161,6.906,145.0,1.515,0.335,0,0,0,1960,0,false,0,0,0,0,0,0,0,2805,912,0,0
638345984,606.967208,6.877,145.0,1.515,0.335,0,0,0,1960,0,false,0,0,0,0,0,0,0,2805,912,0,0
638352729,606.973953,6.882,145.0,1.515,0.335,0,0,0,1960,0,false,0,0,0,0,0,0,0,2805,912,0,0
638359702,606.980926,6.879,145.0,1.515,0.335,0,0,0,1960,0,false,0,0,0,0,0,0,0,2805,912,0,0
638366510,606.987734,6.916,145.0,1.515,0.335,0,0,0,1960,0,false,0,0,0,0,0,0,0,2805,912,0,0
638373510,606.994734,6.934,145.0,1.515,0.335,0,0,0,1960,0,false,0,0,0,0,0,0,0,2805,912,0,0
638380345,607.001569,6.916,145.0,1.515,0.335,0,0,0,1960,0,false,0,0,0,0,0,0,0,2805,912,0,0
638387212,607.008436,6.862,145.0,1.515,0.335,0,0,0,1960,0,false,0,0,0,0,0,0,0,2805,912,0,0
638394111,607.015335,6.844,145.0,1.515,0.335,0,0,0,1960,0,false,0,0,0,0,0,0,0,2805,912,0,0
638400938,607.022162,6.898,145.0,1.515,0.335,0,0,0,1960,0,false,0,0,0,0,0,0,0,2805,912,0,0
638408033,607.029257,6.94444444444444,145.0,1.515,0.335,0,0,0,1960,0,false,0,0,0,0,0,0,0,2805,912,0,0
638414770,607.035994,6.89555555555556,145.0,1.515,0.335,0,0,0,1960,0,false,0,0,0,0,0,0,0,2805,912,0,0
638421637,607.042861,6.867,145.0,1.515,0.335,0,0,0,1960,0,false,0,0,0,0,0,0,0,2805,912,0,0
638428583,607.049807,6.897,145.0,1.515,0.335,0,0,0,1960,0,false,0,0,0,0,0,0,0,2805,912,0,0
638435498,607.056722,6.94444444444444,145.0,1.515,0.335,0,0,0,1960,0,false,0,0,0,0,0,0,0,2805,912,0,0
638442560,607.063784,6.94444444444444,145.0,1.515,0.335,0,0,0,1960,0,false,0,0,0,0,0,0,0,2805,912,0,0
638449353,607.070577,6.86611111111111,145.0,1.515,0.335,0,0,0,1960,0,false,0,0,0,0,0,0,0,2805,912,0,0
638456250,607.077474,6.938,145.0,1.515,0.335,0,0,0,1960,0,false,0,0,0,0,0,0,0,2805,912,0,0
638463228,607.084452,6.894,145.0,1.515,0.335,0,0,0,1960,0,false,0,0,0,0,0,0,0,2805,912,0,0
638470473,607.091697,6.835,145.0,1.515,0.335,0,0,0,1960,0,false,0,0,0,0,0,0,0,2805,912,0,0
638476978,607.098202,6.914,145.0,1.515,0.335,0,0,0,1960,0,false,0,0,0,0,0,0,0,2805,912,0,0
638483786,607.10501,6.894,145.0,1.515,0.335,0,0,0,1960,0,false,0,0,0,0,0,0,0,2805,912,0,0
638490874,607.112098,6.94444444444444,145.0,1.515,0.335,0,0,0,1960,0,false,0,0,0,0,0,0,0,2805,912,0,0
638497669,607.118893,6.89155555555556,145.0,1.515,0.335,0,0,0,1960,0,false,0,0,0,0,0,0,0,2805,912,0,0
638504558,607.125782,6.897,145.0,1.515,0.335,0,0,0,1960,0,false,0,0,0,0,0,0,0,2805,912,0,0
638511673,607.132897,6.94444444444444,145.0,1.515,0.335,0,0,0,1960,0,false,0,0,0,0,0,0,0,2805,912,0,0
638518286,607.13951,6.82555555555555,145.0,1.515,0.335,0,0,0,1960,0,false,0,0,0,0,0,0,0,2805,912,0,0
638525278,607.146502,6.937,145.0,1.515,0.335,0,0,0,1960,0,false,0,0,0,0,0,0,0,2805,912,0,0
638532044,607.153268,6.824,145.0,1.515,0.335,0,0,0,1960,0,false,0,0,0,0,0,0,0,2805,912,0,0
638538993,607.160217,6.91,145.0,1.515,0.335,0,0,0,1960,0,false,0,0,0,0,0,0,0,2805,912,0,0
638545874,607.167098,6.882,145.0,1.515,0.335,0,0,0,1960,0,false,0,0,0,0,0,0,0,2805,912,0,0
638552751,607.173975,6.925,145.0,1.515,0.335,0,0,0,1960,0,false,0,0,0,0,0,0,0,2805,912,0,0
638559670,607.180894,6.871,145.0,1.515,0.335,0,0,0,1960,0,false,0,0,0,0,0,0,0,2805,912,0,0
638566500,607.187724,6.894,145.0,1.515,0.335,0,0,0,1960,0,false,0,0,0,0,0,0,0,2805,912,0,0
638573497,607.194721,6.94444444444444,145.0,1.515,0.335,0,0,0,1960,0,false,0,0,0,0,0,0,0,2805,912,0,0
638580411,607.201635,6.94444444444444,145.0,1.515,0.335,0,0,0,1960,0,false,0,0,0,0,0,0,0,2805,912,0,0
638587222,607.208446,6.83111111111111,145.0,1.515,0.335,0,0,0,1960,0,false,0,0,0,0,0,0,0,2805,912,0,0
638594220,607.215444,6.917,145.0,1.515,0.335,0,0,0,1960,0,false,0,0,0,0,0,0,0,2805,912,0,0
638601144,607.222368,6.94444444444444,145.0,1.515,0.335,0,0,0,1960,0,false,0,0,0,0,0,0,0,2805,912,0,0
638608141,607.229365,6.92855555555555,145.0,1.515,0.335,0,0,0,1960,0,false,0,0,0,0,0,0,0,2805,912,0,0
638614963,607.236187,6.92,145.0,1.515,0.335,0,0,0,1960,0,false,0,0,0,0,0,0,0,2805,912,0,0
638621837,607.243061,6.874,145.0,1.515,0.335,0,0,0,1960,0,false,0,0,0,0,0,0,0,2805,912,0,0
638628951,607.250175,6.927,145.0,1.515,0.335,0,0,0,1960,0,false,0,0,0,0,0,0,0,2805,912,0,0
638635589,607.256813,6.825,145.0,1.515,0.335,0,0,0,1960,0,false,0,0,0,0,0,0,0,2805,912,0,0
638642687,607.263911,6.94444444444444,145.0,1.515,0.335,0,0,0,1960,0,false,0,0,0,0,0,0,0,2805,912,0,0
638649412,607.270636,6.87655555555556,145.0,1.515,0.335,0,0,0,1960,0,false,0,0,0,0,0,0,0,2805,912,0,0
638656353,607.277577,6.901,145.0,1.515,0.335,0,0,0,1960,0,false,0,0,0,0,0,0,0,2805,912,0,0
638663459,607.284683,6.94444444444444,145.0,1.515,0.335,0,0,0,1960,0,false,0,0,0,0,0,0,0,2805,912,0,0
638670220,607.291444,6.90355555555556,145.0,1.515,0.335,0,0,0,1960,0,false,0,0,0,0,0,0,0,2805,912,0,0
638677171,607.298395,6.888,145.0,1.515,0.335,0,0,0,1960,0,false,0,0,0,0,0,0,0,2805,912,0,0
638683917,607.305141,6.868,145.0,1.515,0.335,0,0,0,1960,0,false,0,0,0,0,0,0,0,2805,912,0,0
638690826,607.31205,6.837,145.0,1.515,0.335,0,0,0,1960,0,false,0,0,0,0,0,0,0,2805,912,0,0
638697619,607.318843,6.893,145.0,1.515,0.335,0,0,0,1960,0,false,0,0,0,0,0,0,0,2805,912,0,0
638704594,607.325818,6.94444444444444,145.0,1.515,0.335,0,0,0,1960,0,false,0,0,0,0,0,0,0,2805,912,0,0
638711503,607.332727,6.88155555555555,145.0,1.515,0.335,0,0,0,1960,0,false,0,0,0,0,0,0,0,2805,912,0,0
638718387,607.339611,6.94444444444444,145.0,1.515,0.335,0,0,0,1960,0,false,0,0,0,0,0,0,0,2805,912,0,0
638725338,607.346562,6.89855555555555,145.0,1.515,0.335,0,0,0,1960,0,false,0,0,0,0,0,0,0,2805,912,0,0
638732203,607.353427,6.913,145.0,1.515,0.335,0,0,0,1960,0,false,0,0,0,0,0,0,0,2805,912,0,0
638739163,607.360387,6.937,145.0,1.515,0.335,0,0,0,1960,0,false,0,0,0,0,0,0,0,2805,912,0,0
638746212,607.367436,6.878,145.0,1.515,0.335,0,0,0,1960,0,false,0,0,0,0,0,0,0,2805,912,0,0
638752985,607.374209,6.944,145.0,1.515,0.335,0,0,0,1960,0,false,0,0,0,0,0,0,0,2805,912,0,0
638759929,607.381153,6.863,145.0,1.515,0.335,0,0,0,1960,0,false,0,0,0,0,0,0,0,2805,912,0,0
638766730,607.387954,6.883,145.0,1.515,0.335,0,0,0,1960,0,false,0,0,0,0,0,0,0,2805,912,0,0
638773670,607.394894,6.86,145.0,1.515,0.335,0,0,0,1960,0,false,0,0,0,0,0,0,0,2805,912,0,0
638780504,607.401728,6.895,145.0,1.515,0.335,0,0,0,1960,0,false,0,0,0,0,0,0,0,2805,912,0,0
638787465,607.408689,6.94444444444444,145.0,1.515,0.335,0,0,0,1960,0,false,0,0,0,0,0,0,0,2805,912,0,0
638794476,607.4157,6.94444444444444,145.0,1.515,0.335,0,0,0,1960,0,false,0,0,0,0,0,0,0,2805,912,0,0
638801226,607.42245,6.83711111111111,145.0,1.515,0.335,0,0,0,1960,0,false,0,0,0,0,0,0,0,2805,912,0,0
638808286,607.42951,6.94444444444444,145.0,1.515,0.335,0,0,0,1960,0,false,0,0,0,0,0,0,0,2805,912,0,0
638815046,607.43627,6.89055555555555,145.0,1.515,0.335,0,0,0,1960,0,false,0,0,0,0,0,0,0,2805,912,0,0
638821912,607.443136,6.867,145.0,1.515,0.335,0,0,0,1960,0,false,0,0,0,0,0,0,0,2805,912,0,0
638828935,607.450159,6.893,145.0,1.515,0.335,0,0,0,1960,0,false,0,0,0,0,0,0,0,2805,912,0,0
638835761,607.456985,6.94444444444444,145.0,1.515,0.335,0,0,0,1960,0,false,0,0,0,0,0,0,0,2805,912,0,0
638842777,607.464001,6.83655555555556,145.0,1.515,0.335,0,0,0,1960,0,false,0,0,0,0,0,0,0,2805,912,0,0
638849551,607.470775,6.94444444444444,145.0,1.515,0.335,0,0,0,1960,0,false,0,0,0,0,0,0,0,2805,912,0,0
638856390,607.477614,6.85755555555555,145.0,1.515,0.335,0,0,0,1960,0,false,0,0,0,0,0,0,0,2805,912,0,0
638863559,607.484783,6.94444444444444,145.0,1.515,0.335,0,0,0,1960,0,false,0,0,0,0,0,0,0,2805,912,0,0
638870348,607.491572,6.92055555555555,145.0,1.515,0.335,0,0,0,1960,0,false,0,0,0,0,0,0,0,2805,912,0,0
638877241,607.498465,6.9,145.0,1.515,0.335,0,0,0,1960,0,false,0,0,0,0,0,0,0,2805,912,0,0
638884089,607.505313,6.934,145.0,1.515,0.335,0,0,0,1960,0,false,0,0,0,0,0,0,0,2805,912,0,0
638891024,607.512248,6.855,145.0,1.515,0.335,0,0,0,1960,0,false,0,0,0,0,0,0,0,2805,912,0,0
638897855,607.519079,6.909,145.0,1.515,0.335,0,0,0,1960,0,false,0,0,0,0,0,0,0,2805,912,0,0
638904672,607.525896,6.819,145.0,1.515,0.335,0,0,0,1960,0,false,0,0,0,0,0,0,0,2805,912,0,0
638911735,607.532959,6.94444444444444,145.0,1.515,0.335,0,0,0,1960,0,false,0,0,0,0,0,0,0,2805,912,0,0
638918509,607.539733,6.89355555555555,145.0,1.515,0.335,0,0,0,1960,0,false,0,0,0,0,0,0,0,2805,912,0,0
638925608,607.546832,6.94444444444444,145.0,1.515,0.335,0,0,0,1960,0,false,0,0,0,0,0,0,0,2805,912,0,0
638932374,607.553598,6.91855555555556,145.0,1.515,0.335,0,0,0,1960,0,false,0,0,0,0,0,0,0,2805,912,0,0
638939184,607.560408,6.813,145.0,1.515,0.335,0,0,0,1960,0,false,0,0,0,0,0,0,0,2805,912,0,0
638946163,607.567387,6.899,145.0,1.515,0.335,0,0,0,1960,0,false,0,0,0,0,0,0,0,2805,912,0,0
638952986,607.57421,6.899,145.0,1.515,0.335,0,0,0,1960,0,false,0,0,0,0,0,0,0,2805,912,0,0
638960129,607.581353,6.94444444444444,145.0,1.515,0.335,0,0,0,1960,0,false,0,0,0,0,0,0,0,2805,912,0,0
638966849,607.588073,6.91955555555555,145.0,1.515,0.335,0,0,0,1960,0,false,0,0,0,0,0,0,0,2805,912,0,0
638974211,607.595435,6.843,145.0,1.515,0.335,0,0,0,1960,0,false,0,0,0,0,0,0,0,2805,912,0,0
638980671,607.601895,6.898,145.0,1.515,0.335,0,0,0,1960,0,false,0,0,0,0,0,0,0,2805,912,0,0
638987535,607.608759,6.94444444444444,145.0,1.515,0.335,0,0,0,1960,0,false,0,0,0,0,0,0,0,2805,912,0,0
638994579,607.615803,6.94444444444444,145.0,1.515,0.335,0,0,0,1960,0,false,0,0,0,0,0,0,0,2805,912,0,0
639001405,607.622629,6.92611111111111,145.0,1.515,0.335,0,0,0,1960,0,false,0,0,0,0,0,0,0,2805,912,0,0
639008366,607.62959,6.849,145.0,1.584,0.208,0,0,0,1960,0,false,0,0,0,0,0,0,0,2805,912,0,0
639015176,607.6364,6.922,145.0,1.584,0.208,0,0,0,1960,0,false,0,0,0,0,0,0,0,2805,912,0,0
639022057,607.643281,6.881,145.0,1.584,0.208,0,0,0,1960,0,false,0,0,0,0,0,0,0,2805,912,0,0
639029023,607.650247,6.887,145.0,1.584,0.208,0,0,0,1960,0,false,0,0,0,0,0,0,0,2805,912,0,0
639035833,607.657057,6.891,145.0,1.584,0.208,0,0,0,1960,0,false,0,0,0,0,0,0,0,2805,912,0,0
639042774,607.663998,6.859,145.0,1.584,0.208,0,0,0,1960,0,false,0,0,0,0,0,0,0,2805,912,0,0
639049609,607.670833,6.916,145.0,1.584,0.208,0,0,0,1960,0,false,0,0,0,0,0,0,0,2805,912,0,0
639056725,607.677949,6.911,145.0,1.584,0.208,0,0,0,1960,0,false,0,0,0,0,0,0,0,2805,912,0,0
639063469,607.684693,6.94444444444444,145.0,1.584,0.208,0,0,0,1960,0,false,0,0,0,0,0,0,0,2805,912,0,0
639070368,607.691592,6.81555555555556,145.0,1.584,0.208,0,0,0,1960,0,false,0,0,0,0,0,0,0,2805,912,0,0
639077384,607.698608,6.94444444444444,145.0,1.584,0.208,0,0,0,1960,0,false,0,0,0,0,0,0,0,2805,912,0,0
639084153,607.705377,6.92755555555556,145.0,1.584,0.208,0,0,0,1960,0,false,0,0,0,0,0,0,0,2805,912,0,0
639091164,607.712388,6.928,145.0,1.584,0.208,0,0,0,1960,0,false,0,0,0,0,0,0,0,2805,912,0,0
639097960,607.719184,6.88,145.0,1.584,0.208,0,0,0,1960,0,false,0,0,0,0,0,0,0,2805,912,0,0
639104847,607.726071,6.887,145.0,1.584,0.208,0,0,0,1960,0,false,0,0,0,0,0,0,0,2805,912,0,0
639111925,607.733149,6.917,145.0,1.584,0.208,0,0,0,1960,0,false,0,0,0,0,0,0,0,2805,912,0,0
639118613,607.739837,6.84,145.0,1.584,0.208,0,0,0,1960,0,false,0,0,0,0,0,0,0,2805,912,0,0
639125629,607.746853,6.937,145.0,1.584,0.208,0,0,0,1960,0,false,0,0,0,0,0,0,0,2805,912,0,0
639132535,607.753759,6.94444444444444,145.0,1.584,0.208,0,0,0,1960,0,false,0,0,0,0,0,0,0,2805,912,0,0
639139412,607.760636,6.92455555555556,145.0,1.584,0.208,0,0,0,1960,0,false,0,0,0,0,0,0,0,2805,912,0,0
639146374,607.767598,6.838,145.0,1.584,0.208,0,0,0,1960,0,false,0,0,0,0,0,0,0,2805,912,0,0
639153162,607.774386,6.913,145.0,1.584,0.208,0,0,0,1960,0,false,0,0,0,0,0,0,0,2805,912,0,0
639160134,607.781358,6.895,145.0,1.584,0.208,0,0,0,1960,0,false,0,0,0,0,0,0,0,2805,912,0,0
639166959,607.788183,6.889,145.0,1.584,0.208,0,0,0,1960,0,false,0,0,0,0,0,0,0,2805,912,0,0
639173879,607.795103,6.852,145.0,1.584,0.208,0,0,0,1960,0,false,0,0,0,0,0,0,0,2805,912,0,0
639180690,607.801914,6.893,145.0,1.584,0.208,0,0,0,1960,0,false,0,0,0,0,0,0,0,2805,912,0,0
639187591,607.808815,6.9,145.0,1.584,0.208,0,0,0,1960,0,false,0,0,0,0,0,0,0,2805,912,0,0
639194614,607.815838,6.941,145.0,1.584,0.208,0,0,0,1960,0,false,0,0,0,0,0,0,0,2805,912,0,0
639201470,607.822694,6.939,145.0,1.584,0.208,0,0,0,1960,0,false,0,0,0,0,0,0,0,2805,912,0,0
639208472,607.829696,6.921,145.0,1.584,0.208,0,0,0,1960,0,false,0,0,0,0,0,0,0,2805,912,0,0
639215263,607.836487,6.872,145.0,1.584,0.208,0,0,0,1960,0,false,0,0,0,0,0,0,0,2805,912,0,0
639222087,607.843311,6.823,145.0,1.584,0.208,0,0,0,1960,0,false,0,0,0,0,0,0,0,2805,912,0,0
639229075,607.850299,6.906,145.0,1.584,0.208,0,0,0,1960,0,false,0,0,0,0,0,0,0,2805,912,0,0
639235901,607.857125,6.909,145.0,1.584,0.208,0,0,0,1960,0,false,0,0,0,0,0,0,0,2805,912,0,0
639242939,607.864163,6.94444444444444,145.0,1.584,0.208,0,0,0,1960,0,false,0,0,0,0,0,0,0,2805,912,0,0
639249695,607.870919,6.84455555555556,145.0,1.584,0.208,0,0,0,1960,0,false,0,0,0,0,0,0,0,2805,912,0,0
639256681,607.877905,6.897,145.0,1.584,0.208,0,0,0,1960,0,false,0,0,0,0,0,0,0,2805,912,0,0
639263517,607.884741,6.926,145.0,1.584,0.208,0,0,0,1960,0,false,0,0,0,0,0,0,0,2805,912,0,0
639270567,607.891791,6.939,145.0,1.584,0.208,0,0,0,1960,0,false,0,0,0,0,0,0,0,2805,912,0,0
639277729,607.898953,6.94444444444444,145.0,1.584,0.208,0,0,0,1960,0,false,0,0,0,0,0,0,0,2805,912,0,0
639284223,607.905447,6.80255555555555,145.0,1.584,0.208,0,0,0,1960,0,false,0,0,0,0,0,0,0,2805,912,0,0
639291237,607.912461,6.898,145.0,1.584,0.208,0,0,0,1960,0,false,0,0,0,0,0,0,0,2805,912,0,0
639297989,607.919213,6.89,145.0,1.584,0.208,0,0,0,1960,0,false,0,0,0,0,0,0,0,2805,912,0,0
639304934,607.926158,6.94444444444444,145.0,1.584,0.208,0,0,0,1960,0,false,0,0,0,0,0,0,0,2805,912,0,0
639311974,607.933198,6.89555555555556,145.0,1.584,0.208,0,0,0,1960,0,false,0,0,0,0,0,0,0,2805,912,0,0
639318690,607.939914,6.858,145.0,1.584,0.208,0,0,0,1960,0,false,0,0,0,0,0,0,0,2805,912,0,0
639325675,607.946899,6.904,145.0,1.584,0.208,0,0,0,1960,0,false,0,0,0,0,0,0,0,2805,912,0,0
639332540,607.953764,6.925,145.0,1.584,0.208,0,0,0,1960,0,false,0,0,0,0,0,0,0,2805,912,0,0
639339510,607.960734,6.94444444444444,145.0,1.584,0.208,0,0,0,1960,0,false,0,0,0,0,0,0,0,2805,912,0,0
639346406,607.96763,6.82755555555555,145.0,1.584,0.208,0,0,0,1960,0,false,0,0,0,0,0,0,0,2805,912,0,0
639353274,607.974498,6.94444444444444,145.0,1.584,0.208,0,0,0,1960,0,false,0,0,0,0,0,0,0,2805,912,0,0
639360339,607.981563,6.94444444444444,145.0,1.584,0.208,0,0,0,1960,0,false,0,0,0,0,0,0,0,2805,912,0,0
639367093,607.988317,6.91011111111111,145.0,1.584,0.208,0,0,0,1960,0,false,0,0,0,0,0,0,0,2805,912,0,0
639374063,607.995287,6.893,145.0,1.584,0.208,0,0,0,1960,0,false,0,0,0,0,0,0,0,2805,912,0,0
639382948,608.004172,6.94444444444444,145.0,1.584,0.208,0,0,0,1960,0,false,0,0,0,0,0,0,0,2805,912,0,0
639387800,608.009024,6.86455555555555,145.0,1.584,0.208,0,0,0,1960,0,false,0,0,0,0,0,0,0,2805,912,0,0
639394759,608.015983,6.823,145.0,1.584,0.208,0,0,0,1960,0,false,0,0,0,0,0,0,0,2805,912,0,0
639401534,608.022758,6.907,145.0,1.584,0.208,0,0,0,1960,0,false,0,0,0,0,0,0,0,2805,912,0,0
639408617,608.029841,6.94444444444444,145.0,1.584,0.208,0,0,0,1960,0,false,0,0,0,0,0,0,0,2805,912,0,0
639415328,608.036552,6.82355555555556,145.0,1.584,0.208,0,0,0,1960,0,false,0,0,0,0,0,0,0,2805,912,0,0
639422242,608.043466,6.921,145.0,1.584,0.208,0,0,0,1960,0,false,0,0,0,0,0,0,0,2805,912,0,0
639429329,608.050553,6.931,145.0,1.584,0.208,0,0,0,1960,0,false,0,0,0,0,0,0,0,2805,912,0,0
639436034,608.057258,6.889,145.0,1.584,0.208,0,0,0,1960,0,false,0,0,0,0,0,0,0,2805,912,0,0
639443055,608.064279,6.908,145.0,1.584,0.208,0,0,0,1960,0,false,0,0,0,0,0,0,0,2805,912,0,0
639449891,608.071115,6.94,145.0,1.584,0.208,0,0,0,1960,0,false,0,0,0,0,0,0,0,2805,912,0,0
639456806,608.07803,6.81,145.0,1.584,0.208,0,0,0,1960,0,false,0,0,0,0,0,0,0,2805,912,0,0
639463576,608.0848,6.89,145.0,1.584,0.208,0,0,0,1960,0,false,0,0,0,0,0,0,0,2805,912,0,0
639470508,608.091732,6.925,145.0,1.584,0.208,0,0,0,1960,0,false,0,0,0,0,0,0,0,2805,912,0,0
639477552,608.098776,6.839,145.0,1.584,0.208,0,0,0,1960,0,false,0,0,0,0,0,0,0,2805,912,0,0
639484266,608.10549,6.94444444444444,145.0,1.584,0.208,0,0,0,1960,0,false,0,0,0,0,0,0,0,2805,912,0,0
639491370,608.112594,6.94444444444444,145.0,1.584,0.208,0,0,0,1960,0,false,0,0,0,0,0,0,0,2805,912,0,0
639498116,608.11934,6.91411111111111,145.0,1.584,0.208,0,0,0,1960,0,false,0,0,0,0,0,0,0,2805,912,0,0
639504969,608.126193,6.85,145.0,1.584,0.208,0,0,0,1960,0,false,0,0,0,0,0,0,0,2805,912,0,0
639511901,608.133125,6.894,145.0,1.584,0.208,0,0,0,1960,0,false,0,0,0,0,0,0,0,2805,912,0,0
639518720,608.139944,6.857,145.0,1.584,0.208,0,0,0,1960,0,false,0,0,0,0,0,0,0,2805,912,0,0
639525727,608.146951,6.94444444444444,145.0,1.584,0.208,0,0,0,1960,0,false,0,0,0,0,0,0,0,2805,912,0,0
639532542,608.153766,6.87755555555556,145.0,1.584,0.208,0,0,0,1960,0,false,0,0,0,0,0,0,0,2805,912,0,0
639539521,608.160745,6.94444444444444,145.0,1.584,0.208,0,0,0,1960,0,false,0,0,0,0,0,0,0,2805,912,0,0
639546525,608.167749,6.90555555555556,145.0,1.584,0.208,0,0,0,1960,0,false,0,0,0,0,0,0,0,2805,912,0,0
639553351,608.174575,6.883,145.0,1.584,0.208,0,0,0,1960,0,false,0,0,0,0,0,0,0,2805,912,0,0
639560474,608.181698,6.94444444444444,145.0,1.584,0.208,0,0,0,1960,0,false,0,0,0,0,0,0,0,2805,912,0,0
639567181,608.188405,6.93055555555556,145.0,1.584,0.208,0,0,0,1960,0,false,0,0,0,0,0,0,0,2805,912,0,0
639574153,608.195377,6.879,145.0,1.584,0.208,0,0,0,1960,0,false,0,0,0,0,0,0,0,2805,912,0,0
639580960,608.202184,6.902,145.0,1.584,0.208,0,0,0,1960,0,false,0,0,0,0,0,0,0,2805,912,0,0
639587869,608.209093,6.902,145.0,1.584,0.208,0,0,0,1960,0,false,0,0,0,0,0,0,0,2805,912,0,0
639594872,608.216096,6.858,145.0,1.584,0.208,0,0,0,1960,0,false,0,0,0,0,0,0,0,2805,912,0,0
639601646,608.22287,6.911,145.0,1.584,0.208,0,0,0,1960,0,false,0,0,0,0,0,0,0,2805,912,0,0
639608606,608.22983,6.872,145.0,1.584,0.208,0,0,0,1960,0,false,0,0,0,0,0,0,0,2805,912,0,0
639615428,608.236652,6.929,145.0,1.584,0.208,0,0,0,1960,0,false,0,0,0,0,0,0,0,2805,912,0,0
639622343,608.243567,6.879,145.0,1.584,0.208,0,0,0,1960,0,false,0,0,0,0,0,0,0,2805,912,0,0
639629387,608.250611,6.944,145.0,1.584,0.208,0,0,0,1960,0,false,0,0,0,0,0,0,0,2805,912,0,0
639636138,608.257362,6.867,145.0,1.584,0.208,0,0,0,1960,0,false,0,0,0,0,0,0,0,2805,912,0,0
639643160,608.264384,6.93,145.0,1.584,0.208,0,0,0,1960,0,false,0,0,0,0,0,0,0,2805,912,0,0
639650050,608.271274,6.94444444444444,145.0,1.584,0.208,0,0,0,1960,0,false,0,0,0,0,0,0,0,2805,912,0,0
639656962,608.278186,6.84955555555555,145.0,1.584,0.208,0,0,0,1960,0,false,0,0,0,0,0,0,0,2805,912,0,0
639663725,608.284949,6.853,145.0,1.584,0.208,0,0,0,1960,0,false,0,0,0,0,0,0,0,2805,912,0,0
639670660,608.291884,6.91,145.0,1.584,0.208,0,0,0,1960,0,false,0,0,0,0,0,0,0,2805,912,0,0
639677633,608.298857,6.903,145.0,1.584,0.208,0,0,0,1960,0,false,0,0,0,0,0,0,0,2805,912,0,0
639684456,608.30568,6.934,145.0,1.584,0.208,0,0,0,1960,0,false,0,0,0,0,0,0,0,2805,912,0,0
639691453,608.312677,6.857,145.0,1.584,0.208,0,0,0,1960,0,false,0,0,0,0,0,0,0,2805,912,0,0
639698278,608.319502,6.94444444444444,145.0,1.584,0.208,0,0,0,1960,0,false,0,0,0,0,0,0,0,2805,912,0,0
639705066,608.32629,6.82955555555555,145.0,1.584,0.208,0,0,0,1960,0,false,0,0,0,0,0,0,0,2805,912,0,0
639712172,608.333396,6.94444444444444,145.0,1.584,0.208,0,0,0,1960,0,false,0,0,0,0,0,0,0,2805,912,0,0
639718847,608.340071,6.85555555555556,145.0,1.584,0.208,0,0,0,1960,0,false,0,0,0,0,0,0,0,2805,912,0,0
639725793,608.347017,6.898,145.0,1.584,0.208,0,0,0,1960,0,false,0,0,0,0,0,0,0,2805,912,0,0
639732608,608.353832,6.873,145.0,1.584,0.208,0,0,0,1960,0,false,0,0,0,0,0,0,0,2805,912,0,0
639739515,608.360739,6.897,145.0,1.584,0.208,0,0,0,1960,0,false,0,0,0,0,0,0,0,2805,912,0,0
639746528,608.367752,6.94444444444444,145.0,1.584,0.208,0,0,0,1960,0,false,0,0,0,0,0,0,0,2805,912,0,0
639753340,608.374564,6.87155555555556,145.0,1.584,0.208,0,0,0,1960,0,false,0,0,0,0,0,0,0,2805,912,0,0
639760377,608.381601,6.94444444444444,145.0,1.584,0.208,0,0,0,1960,0,false,0,0,0,0,0,0,0,2805,912,0,0
639767116,608.38834,6.84055555555556,145.0,1.584,0.208,0,0,0,1960,0,false,0,0,0,0,0,0,0,2805,912,0,0
639774209,608.395433,6.94444444444444,145.0,1.584,0.208,0,0,0,1960,0,false,0,0,0,0,0,0,0,2805,912,0,0
639780948,608.402172,6.89255555555555,145.0,1.584,0.208,0,0,0,1960,0,false,0,0,0,0,0,0,0,2805,912,0,0
639787857,608.409081,6.884,145.0,1.584,0.208,0,0,0,1960,0,false,0,0,0,0,0,0,0,2805,912,0,0
639794817,608.416041,6.933,145.0,1.584,0.208,0,0,0,1960,0,false,0,0,0,0,0,0,0,2805,912,0,0
639801773,608.422997,6.85,145.0,1.584,0.208,0,0,0,1960,0,false,0,0,0,0,0,0,0,2805,912,0,0
639808602,608.429826,6.912,145.0,1.584,0.208,0,0,0,1960,0,false,0,0,0,0,0,0,0,2805,912,0,0
639815442,608.436666,6.898,145.0,1.584,0.208,0,0,0,1960,0,false,0,0,0,0,0,0,0,2805,912,0,0
639822467,608.443691,6.94444444444444,145.0,1.584,0.208,0,0,0,1960,0,false,0,0,0,0,0,0,0,2805,912,0,0
639829402,608.450626,6.92255555555556,145.0,1.584,0.208,0,0,0,1960,0,false,0,0,0,0,0,0,0,2805,912,0,0
639836163,608.457387,6.852,145.0,1.584,0.208,0,0,0,1960,0,false,0,0,0,0,0,0,0,2805,912,0,0
639843379,608.464603,6.94444444444444,145.0,1.584,0.208,0,0,0,1960,0,false,0,0,0,0,0,0,0,2805,912,0,0
639849999,608.471223,6.89955555555556,145.0,1.584,0.208,0,0,0,1960,0,false,0,0,0,0,0,0,0,2805,912,0,0
639856913,608.478137,6.84,145.0,1.584,0.208,0,0,0,1960,0,false,0,0,0,0,0,0,0,2805,912,0,0
639863803,608.485027,6.94444444444444,145.0,1.584,0.208,0,0,0,1960,0,false,0,0,0,0,0,0,0,2805,912,0,0
639870727,608.491951,6.89955555555556,145.0,1.584,0.208,0,0,0,1960,0,false,0,0,0,0,0,0,0,2805,912,0,0
639877621,608.498845,6.867,145.0,1.584,0.208,0,0,0,1960,0,false,0,0,0,0,0,0,0,2805,912,0,0
639884532,608.505756,6.941,145.0,1.584,0.208,0,0,0,1960,0,false,0,0,0,0,0,0,0,2805,912,0,0
639891458,608.512682,6.874,145.0,1.584,0.208,0,0,0,1960,0,false,0,0,0,0,0,0,0,2805,912,0,0
639898323,608.519547,6.939,145.0,1.584,0.208,0,0,0,1960,0,false,0,0,0,0,0,0,0,2805,912,0,0
639905196,608.52642,6.894,145.0,1.584,0.208,0,0,0,1960,0,false,0,0,0,0,0,0,0,2805,912,0,0
639912161,608.533385,6.9,145.0,1.584,0.208,0,0,0,1960,0,false,0,0,0,0,0,0,0,2805,912,0,0
639918983,608.540207,6.87,145.0,1.584,0.208,0,0,0,1960,0,false,0,0,0,0,0,0,0,2805,912,0,0
639926073,608.547297,6.94,145.0,1.584,0.208,0,0,0,1960,0,false,0,0,0,0,0,0,0,2805,912,0,0
639932788,608.554012,6.862,145.0,1.584,0.208,0,0,0,1960,0,false,0,0,0,0,0,0,0,2805,912,0,0
639939673,608.560897,6.887,145.0,1.584,0.208,0,0,0,1960,0,false,0,0,0,0,0,0,0,2805,912,0,0
639946718,608.567942,6.912,145.0,1.584,0.208,0,0,0,1960,0,false,0,0,0,0,0,0,0,2805,912,0,0
639953485,608.574709,6.895,145.0,1.584,0.208,0,0,0,1960,0,false,0,0,0,0,0,0,0,2805,912,0,0
639960539,608.581763,6.927,145.0,1.584,0.208,0,0,0,1960,0,false,0,0,0,0,0,0,0,2805,912,0,0
639967385,608.588609,6.94444444444444,145.0,1.584,0.208,0,0,0,1960,0,false,0,0,0,0,0,0,0,2805,912,0,0
639974371,608.595595,6.89855555555556,145.0,1.584,0.208,0,0,0,1960,0,false,0,0,0,0,0,0,0,2805,912,0,0
639981584,608.602808,6.917,145.0,1.584,0.208,0,0,0,1960,0,false,0,0,0,0,0,0,0,2805,912,0,0
639988042,608.609266,6.873,145.0,1.584,0.208,0,0,0,1960,0,false,0,0,0,0,0,0,0,2805,912,0,0
639995083,608.616307,6.94444444444444,145.0,1.584,0.208,0,0,0,1960,0,false,0,0,0,0,0,0,0,2805,912,0,0
640001857,608.623081,6.87255555555555,145.0,1.584,0.208,0,0,0,1960,0,false,0,0,0,0,0,0,0,2805,912,0,0
640008983,608.630207,6.94444444444444,145.0,1.422,0.318,0,0,0,1960,0,false,0,0,0,0,0,0,0,2805,912,0,0
640015575,608.636799,6.77255555555555,145.0,1.422,0.318,0,0,0,1960,0,false,0,0,0,0,0,0,0,2805,912,0,0
640022491,608.643715,6.918,145.0,1.422,0.318,0,0,0,1960,0,false,0,0,0,0,0,0,0,2805,912,0,0
640029611,608.650835,6.94444444444444,145.0,1.422,0.318,0,0,0,1960,0,false,0,0,0,0,0,0,0,2805,912,0,0
640036346,608.65757,6.86355555555556,145.0,1.422,0.318,0,0,0,1960,0,false,0,0,0,0,0,0,0,2805,912,0,0
640043372,608.664596,6.94444444444444,145.0,1.422,0.318,0,0,0,1960,0,false,0,0,0,0,0,0,0,2805,912,0,0
640050153,608.671377,6.90855555555556,145.0,1.422,0.318,0,0,0,1960,0,false,0,0,0,0,0,0,0,2805,912,0,0
640057150,608.678374,6.905,145.0,1.422,0.318,0,0,0,1960,0,false,0,0,0,0,0,0,0,2805,912,0,0
640063989,608.685213,6.931,145.0,1.422,0.318,0,0,0,1960,0,false,0,0,0,0,0,0,0,2805,912,0,0
640070898,608.692122,6.864,145.0,1.422,0.318,0,0,0,1960,0,false,0,0,0,0,0,0,0,2805,912,0,0
640077836,608.69906,6.894,145.0,1.422,0.318,0,0,0,1960,0,false,0,0,0,0,0,0,0,2805,912,0,0
640084592,608.705816,6.845,145.0,1.422,0.318,0,0,0,1960,0,false,0,0,0,0,0,0,0,2805,912,0,0
640091589,608.712813,6.894,145.0,1.422,0.318,0,0,0,1960,0,false,0,0,0,0,0,0,0,2805,912,0,0
640098481,608.719705,6.94444444444444,145.0,1.422,0.318,0,0,0,1960,0,false,0,0,0,0,0,0,0,2805,912,0,0
640105402,608.726626,6.94444444444444,145.0,1.422,0.318,0,0,0,1960,0,false,0,0,0,0,0,0,0,2805,912,0,0
640112497,608.733721,6.86311111111111,145.0,1.422,0.318,0,0,0,1960,0,false,0,0,0,0,0,0,0,2805,912,0,0
640119026,608.74025,6.804,145.0,1.422,0.318,0,0,0,1960,0,false,0,0,0,0,0,0,0,2805,912,0,0
640126042,608.747266,6.94444444444444,145.0,1.422,0.318,0,0,0,1960,0,false,0,0,0,0,0,0,0,2805,912,0,0
640132914,608.754138,6.94444444444444,145.0,1.422,0.318,0,0,0,1960,0,false,0,0,0,0,0,0,0,2805,912,0,0
640139861,608.761085,6.88611111111111,145.0,1.422,0.318,0,0,0,1960,0,false,0,0,0,0,0,0,0,2805,912,0,0
640146608,608.767832,6.823,145.0,1.422,0.318,0,0,0,1960,0,false,0,0,0,0,0,0,0,2805,912,0,0
640153509,608.774733,6.901,145.0,1.422,0.318,0,0,0,1960,0,false,0,0,0,0,0,0,0,2805,912,0,0
640160475,608.781699,6.903,145.0,1.422,0.318,0,0,0,1960,0,false,0,0,0,0,0,0,0,2805,912,0,0
640167318,608.788542,6.904,145.0,1.422,0.318,0,0,0,1960,0,false,0,0,0,0,0,0,0,2805,912,0,0
640174356,608.79558,6.94444444444444,145.0,1.422,0.318,0,0,0,1960,0,false,0,0,0,0,0,0,0,2805,912,0,0
640181194,608.802418,6.92955555555556,145.0,1.422,0.318,0,0,0,1960,0,false,0,0,0,0,0,0,0,2805,912,0,0
640188095,608.809319,6.897,145.0,1.422,0.318,0,0,0,1960,0,false,0,0,0,0,0,0,0,2805,912,0,0
640195127,608.816351,6.923,145.0,1.422,0.318,0,0,0,1960,0,false,0,0,0,0,0,0,0,2805,912,0,0
640201989,608.823213,6.94444444444444,145.0,1.422,0.318,0,0,0,1960,0,false,0,0,0,0,0,0,0,2805,912,0,0
640208968,608.830192,6.85955555555555,145.0,1.422,0.318,0,0,0,1960,0,false,0,0,0,0,0,0,0,2805,912,0,0
640215692,608.836916,6.841,145.0,1.422,0.318,0,0,0,1960,0,false,0,0,0,0,0,0,0,2805,912,0,0
640222622,608.843846,6.92,145.0,1.422,0.318,0,0,0,1960,0,false,0,0,0,0,0,0,0,2805,912,0,0
640229614,608.850838,6.917,145.0,1.422,0.318,0,0,0,1960,0,false,0,0,0,0,0,0,0,2805,912,0,0
640236511,608.857735,6.94444444444444,145.0,1.422,0.318,0,0,0,1960,0,false,0,0,0,0,0,0,0,2805,912,0,0
640243462,608.864686,6.91255555555556,145.0,1.422,0.318,0,0,0,1960,0,false,0,0,0,0,0,0,0,2805,912,0,0
640250244,608.871468,6.863,145.0,1.422,0.318,0,0,0,1960,0,false,0,0,0,0,0,0,0,2805,912,0,0
640257170,608.878394,6.834,145.0,1.422,0.318,0,0,0,1960,0,false,0,0,0,0,0,0,0,2805,912,0,0
640263980,608.885204,6.899,145.0,1.422,0.318,0,0,0,1960,0,false,0,0,0,0,0,0,0,2805,912,0,0
640270957,608.892181,6.908,145.0,1.422,0.318,0,0,0,1960,0,false,0,0,0,0,0,0,0,2805,912,0,0
640277947,608.899171,6.92,145.0,1.422,0.318,0,0,0,1960,0,false,0,0,0,0,0,0,0,2805,912,0,0
640284689,608.905913,6.882,145.0,1.422,0.318,0,0,0,1960,0,false,0,0,0,0,0,0,0,2805,912,0,0
640291723,608.912947,6.911,145.0,1.422,0.318,0,0,0,1960,0,false,0,0,0,0,0,0,0,2805,912,0,0
640298489,608.919713,6.887,145.0,1.422,0.318,0,0,0,1960,0,false,0,0,0,0,0,0,0,2805,912,0,0
640305423,608.926647,6.937,145.0,1.422,0.318,0,0,0,1960,0,false,0,0,0,0,0,0,0,2805,912,0,0
640312488,608.933712,6.879,145.0,1.422,0.318,0,0,0,1960,0,false,0,0,0,0,0,0,0,2805,912,0,0
640322578,608.943802,6.94444444444444,145.0,1.422,0.318,0,0,0,1960,0,false,0,0,0,0,0,0,0,2805,912,0,0
640337432,608.958656,9.73422222222222,145.0,1.422,0.318,0,0,0,1960,0,false,0,0,0,0,0,0,0,2805,912,0,0
640349918,608.971142,12.551,145.0,1.422,0.318,0,0,0,1960,0,false,0,0,0,0,0,0,0,2805,912,0,0
640358637,608.979861,8.787,145.0,1.422,0.318,0,0,0,1960,0,false,0,0,0,0,0,0,0,2805,912,0,0
640367543,608.988767,8.623,145.0,1.422,0.318,0,0,0,1960,0,false,0,0,0,0,0,0,0,2805,912,0,0
640383594,609.004818,16.175,145.0,1.422,0.318,0,0,0,1960,0,false,0,0,0,0,0,0,0,2805,912,0,0
640400333,609.021557,16.816,145.0,1.422,0.318,0,0,0,1960,0,false,0,0,0,0,0,0,0,2805,912,0,0
640417417,609.038641,17.03,145.0,1.422,0.318,0,0,0,1960,0,false,0,0,0,0,0,0,0,2805,912,0,0
640433759,609.054983,16.359,145.0,1.422,0.318,0,0,0,1960,0,false,0,0,0,0,0,0,0,2805,912,0,0
640450267,609.071491,16.546,145.0,1.422,0.318,0,0,0,1960,0,false,0,0,0,0,0,0,0,2805,912,0,0
640466954,609.088178,16.658,145.0,1.422,0.318,0,0,0,1960,0,false,0,0,0,0,0,0,0,2805,912,0,0
640484070,609.105294,17.033,145.0,1.422,0.318,0,0,0,1960,0,false,0,0,0,0,0,0,0,2805,912,0,0
640501032,609.122256,16.68,145.0,1.422,0.318,0,0,0,1960,0,false,0,0,0,0,0,0,0,2805,912,0,0
640517138,609.138362,16.45,145.0,1.422,0.318,0,0,0,1960,0,false,0,0,0,0,0,0,0,2805,912,0,0
640533532,609.154756,16.393,145.0,1.422,0.318,0,0,0,1960,0,false,0,0,0,0,0,0,0,2805,912,0,0
640550839,609.172063,17.292,145.0,1.422,0.318,0,0,0,1960,0,false,0,0,0,0,0,0,0,2805,912,0,0
640568345,609.189569,17.583,145.0,1.422,0.318,0,0,0,1960,0,false,0,0,0,0,0,0,0,2805,912,0,0
640584165,609.205389,16.6666666666667,145.0,1.422,0.318,0,0,0,1960,0,false,0,0,0,0,0,0,0,2805,912,0,0
640600695,609.221919,16.6666666666667,145.0,1.422,0.318,0,0,0,1960,0,false,0,0,0,0,0,0,0,2805,912,0,0
640617523,609.238747,16.6666666666667,145.0,1.422,0.318,0,0,0,1960,0,false,0,0,0,0,0,0,0,2805,912,0,0
640634453,609.255677,16.6666666666667,145.0,1.422,0.318,0,0,0,1960,0,false,0,0,0,0,0,0,0,2805,912,0,0
640650688,609.271912,16.6666666666667,145.0,1.422,0.318,0,0,0,1960,0,false,0,0,0,0,0,0,0,2805,912,0,0
640667977,609.289201,16.6666666666667,145.0,1.422,0.318,0,0,0,1960,0,false,0,0,0,0,0,0,0,2805,912,0,0
640684705,609.305929,16.6666666666667,145.0,1.422,0.318,0,0,0,1960,0,false,0,0,0,0,0,0,0,2805,912,0,0
640701195,609.322419,16.6666666666667,145.0,1.422,0.318,0,0,0,1960,0,false,0,0,0,0,0,0,0,2805,912,0,0
640717980,609.339204,16.6666666666667,145.0,1.422,0.318,0,0,0,1960,0,false,0,0,0,0,0,0,0,2805,912,0,0
640734481,609.355705,16.6666666666667,145.0,1.422,0.318,0,0,0,1960,0,false,0,0,0,0,0,0,0,2805,912,0,0
640750625,609.371849,16.6666666666667,145.0,1.422,0.318,0,0,0,1960,0,false,0,0,0,0,0,0,0,2805,912,0,0
640767533,609.388757,16.6666666666667,145.0,1.422,0.318,0,0,0,1960,0,false,0,0,0,0,0,0,0,2805,912,0,0
640783992,609.405216,16.6666666666667,145.0,1.422,0.318,0,0,0,1960,0,false,0,0,0,0,0,0,0,2805,912,0,0
640800758,609.421982,16.6666666666667,145.0,1.422,0.318,0,0,0,1960,0,false,0,0,0,0,0,0,0,2805,912,0,0
640817589,609.438813,16.6666666666667,145.0,1.422,0.318,0,0,0,1960,0,false,0,0,0,0,0,0,0,2805,912,0,0
640834111,609.455335,16.6666666666667,145.0,1.422,0.318,0,0,0,1960,0,false,0,0,0,0,0,0,0,2805,912,0,0
640851595,609.472819,16.6666666666667,145.0,1.422,0.318,0,0,0,1960,0,false,0,0,0,0,0,0,0,2805,912,0,0
640867431,609.488655,16.6666666666667,145.0,1.422,0.318,0,0,0,1960,0,false,0,0,0,0,0,0,0,2805,912,0,0
640884377,609.505601,16.6666666666667,145.0,1.422,0.318,0,0,0,1960,0,false,0,0,0,0,0,0,0,2805,912,0,0
640900839,609.522063,16.6666666666667,145.0,1.422,0.318,0,0,0,1960,0,false,0,0,0,0,0,0,0,2805,912,0,0
640917308,609.538532,16.6666666666667,145.0,1.422,0.318,0,0,0,1960,0,false,0,0,0,0,0,0,0,2805,912,0,0
640934300,609.555524,16.6666666666667,145.0,1.422,0.318,0,0,0,1960,0,false,0,0,0,0,0,0,0,2805,912,0,0
640950745,609.571969,16.6666666666667,145.0,1.422,0.318,0,0,0,1960,0,false,0,0,0,0,0,0,0,2805,912,0,0
640967477,609.588701,16.6666666666667,145.0,1.422,0.318,0,0,0,1960,0,false,0,0,0,0,0,0,0,2805,912,0,0
640984635,609.605859,16.6666666666667,145.0,1.422,0.318,0,0,0,1960,0,false,0,0,0,0,0,0,0,2805,912,0,0
641001353,609.622577,16.6666666666667,145.0,1.422,0.318,0,0,0,1960,0,false,0,0,0,0,0,0,0,2805,912,0,0
641017734,609.638958,16.6666666666667,88.0,16.947,0.31,0,0,0,1960,0,false,0,0,0,0,0,0,0,2805,912,0,0
641034637,609.655861,16.6666666666667,88.0,16.947,0.31,0,0,0,1960,0,false,0,0,0,0,0,0,0,2805,912,0,0
641051314,609.672538,16.6666666666667,88.0,16.947,0.31,0,0,0,1960,0,false,0,0,0,0,0,0,0,2805,912,0,0
641067776,609.689,16.6666666666667,88.0,16.947,0.31,0,0,0,1960,0,false,0,0,0,0,0,0,0,2805,912,0,0
641084749,609.705973,16.6666666666667,88.0,16.947,0.31,0,0,0,1960,0,false,0,0,0,0,0,0,0,2805,912,0,0
641101204,609.722428,16.6666666666667,88.0,16.947,0.31,0,0,0,1960,0,false,0,0,0,0,0,0,0,2805,912,0,0
641117766,609.73899,16.6666666666667,88.0,16.947,0.31,0,0,0,1960,0,false,0,0,0,0,0,0,0,2805,912,0,0
641134591,609.755815,16.6666666666667,88.0,16.947,0.31,0,0,0,1960,0,false,0,0,0,0,0,0,0,2805,912,0,0
641151267,609.772491,16.6666666666667,88.0,16.947,0.31,0,0,0,1960,0,false,0,0,0,0,0,0,0,2805,912,0,0
641167559,609.788783,16.6666666666667,88.0,16.947,0.31,0,0,0,1960,0,false,0,0,0,0,0,0,0,2805,912,0,0
641184101,609.805325,16.6666666666667,88.0,16.947,0.31,0,0,0,1960,0,false,0,0,0,0,0,0,0,2805,912,0,0
641200614,609.821838,16.6666666666667,88.0,16.947,0.31,0,0,0,1960,0,false,0,0,0,0,0,0,0,2805,912,0,0
641217264,609.838488,16.6666666666667,88.0,16.947,0.31,0,0,0,1960,0,false,0,0,0,0,0,0,0,2805,912,0,0
641233694,609.854918,16.6666666666667,88.0,16.947,0.31,0,0,0,1960,0,false,0,0,0,0,0,0,0,2805,912,0,0
641250896,609.87212,16.6666666666667,88.0,16.947,0.31,0,0,0,1960,0,false,0,0,0,0,0,0,0,2805,912,0,0
641267518,609.888742,16.6666666666667,88.0,16.947,0.31,0,0,0,1960,0,false,0,0,0,0,0,0,0,2805,912,0,0
641284169,609.905393,16.6666666666667,88.0,16.947,0.31,0,0,0,1960,0,false,0,0,0,0,0,0,0,2805,912,0,0
641300556,609.92178,16.6666666666667,88.0,16.947,0.31,0,0,0,1960,0,false,0,0,0,0,0,0,0,2805,912,0,0
641317714,609.938938,16.6666666666667,88.0,16.947,0.31,0,0,0,1960,0,false,0,0,0,0,0,0,0,2805,912,0,0
641334000,609.955224,16.6666666666667,88.0,16.947,0.31,0,0,0,1960,0,false,0,0,0,0,0,0,0,2805,912,0,0
641351340,609.972564,16.6666666666667,88.0,16.947,0.31,0,0,0,1960,0,false,0,0,0,0,0,0,0,2805,912,0,0
641367460,609.988684,16.6666666666667,88.0,16.947,0.31,0,0,0,1960,0,false,0,0,0,0,0,0,0,2805,912,0,0
641384133,610.005357,16.6666666666667,88.0,16.947,0.31,0,0,0,1960,0,false,0,0,0,0,0,0,0,2805,912,0,0
641400938,610.022162,16.6666666666667,88.0,16.947,0.31,0,0,0,1960,0,false,0,0,0,0,0,0,0,2805,912,0,0
641417773,610.038997,16.6666666666667,88.0,16.947,0.31,0,0,0,1960,0,false,0,0,0,0,0,0,0,2805,912,0,0
641433947,610.055171,16.6666666666667,88.0,16.947,0.31,0,0,0,1960,0,false,0,0,0,0,0,0,0,2805,912,0,0
641451024,610.072248,16.6666666666667,88.0,16.947,0.31,0,0,0,1960,0,false,0,0,0,0,0,0,0,2805,912,0,0
641467498,610.088722,16.6666666666667,88.0,16.947,0.31,0,0,0,1960,0,false,0,0,0,0,0,0,0,2805,912,0,0
641484628,610.105852,16.6666666666667,88.0,16.947,0.31,0,0,0,1960,0,false,0,0,0,0,0,0,0,2805,912,0,0
641500972,610.122196,16.6666666666667,88.0,16.947,0.31,0,0,0,1960,0,false,0,0,0,0,0,0,0,2805,912,0,0
641517881,610.139105,16.6666666666667,88.0,16.947,0.31,0,0,0,1960,0,false,0,0,0,0,0,0,0,2805,912,0,0
641534441,610.155665,16.6666666666667,88.0,16.947,0.31,0,0,0,1960,0,false,0,0,0,0,0,0,0,2805,912,0,0
641551209,610.172433,16.6666666666667,88.0,16.947,0.31,0,0,0,1960,0,false,0,0,0,0,0,0,0,2805,912,0,0
641567186,610.18841,16.6666666666667,88.0,16.947,0.31,0,0,0,1960,0,false,0,0,0,0,0,0,0,2805,912,0,0
641584047,610.205271,16.6666666666667,88.0,16.947,0.31,0,0,0,1960,0,false,0,0,0,0,0,0,0,2805,912,0,0
641600967,610.222191,16.6666666666667,88.0,16.947,0.31,0,0,0,1960,0,false,0,0,0,0,0,0,0,2805,912,0,0
641617680,610.238904,16.6666666666667,88.0,16.947,0.31,0,0,0,1960,0,false,0,0,0,0,0,0,0,2805,912,0,0
641634412,610.255636,16.6666666666667,88.0,16.947,0.31,0,0,0,1960,0,false,0,0,0,0,0,0,0,2805,912,0,0
641650862,610.272086,16.6666666666667,88.0,16.947,0.31,0,0,0,1960,0,false,0,0,0,0,0,0,0,2805,912,0,0
641667551,610.288775,16.6666666666667,88.0,16.947,0.31,0,0,0,1960,0,false,0,0,0,0,0,0,0,2805,912,0,0
641684350,610.305574,16.6666666666667,88.0,16.947,0.31,0,0,0,1960,0,false,0,0,0,0,0,0,0,2805,912,0,0
641701163,610.322387,16.6666666666667,88.0,16.947,0.31,0,0,0,1960,0,false,0,0,0,0,0,0,0,2805,912,0,0
641717770,610.338994,16.6666666666667,88.0,16.947,0.31,0,0,0,1960,0,false,0,0,0,0,0,0,0,2805,912,0,0
641734708,610.355932,16.6666666666667,88.0,16.947,0.31,0,0,0,1960,0,false,0,0,0,0,0,0,0,2805,912,0,0
641751427,610.372651,16.6666666666667,88.0,16.947,0.31,0,0,0,1960,0,false,0,0,0,0,0,0,0,2805,912,0,0
641767794,610.389018,16.6666666666667,88.0,16.947,0.31,0,0,0,1960,0,false,0,0,0,0,0,0,0,2805,912,0,0
641784139,610.405363,16.6666666666667,88.0,16.947,0.31,0,0,0,1960,0,false,0,0,0,0,0,0,0,2805,912,0,0
641800837,610.422061,16.6666666666667,88.0,16.947,0.31,0,0,0,1960,0,false,0,0,0,0,0,0,0,2805,912,0,0
641817655,610.438879,16.6666666666667,88.0,16.947,0.31,0,0,0,1960,0,false,0,0,0,0,0,0,0,2805,912,0,0
641834353,610.455577,16.6666666666667,88.0,16.947,0.31,0,0,0,1960,0,false,0,0,0,0,0,0,0,2805,912,0,0
641852238,610.473462,16.6666666666667,88.0,16.947,0.31,0,0,0,1960,0,false,0,0,0,0,0,0,0,2805,912,0,0
641867254,610.488478,16.6666666666667,88.0,16.947,0.31,0,0,0,1960,0,false,0,0,0,0,0,0,0,2805,912,0,0
641883834,610.505058,16.6666666666667,88.0,16.947,0.31,0,0,0,1960,0,false,0,0,0,0,0,0,0,2805,912,0,0
641901068,610.522292,16.6666666666667,88.0,16.947,0.31,0,0,0,1960,0,false,0,0,0,0,0,0,0,2805,912,0,0
641917587,610.538811,16.6666666666667,88.0,16.947,0.31,0,0,0,1960,0,false,0,0,0,0,0,0,0,2805,912,0,0
641934378,610.555602,16.6666666666667,88.0,16.947,0.31,0,0,0,1960,0,false,0,0,0,0,0,0,0,2805,912,0,0
641950845,610.572069,16.6666666666667,88.0,16.947,0.31,0,0,0,1960,0,false,0,0,0,0,0,0,0,2805,912,0,0
641967668,610.588892,16.6666666666667,88.0,16.947,0.31,0,0,0,1960,0,false,0,0,0,0,0,0,0,2805,912,0,0
641984712,610.605936,16.6666666666667,88.0,16.947,0.31,0,0,0,1960,0,false,0,0,0,0,0,0,0,2805,912,0,0
642000836,610.62206,16.6666666666667,88.0,16.947,0.31,0,0,0,1960,0,false,0,0,0,0,0,0,0,2805,912,0,0
642017778,610.639002,16.6666666666667,60.0,17.514,0.368,0,0,0,1960,0,false,0,0,0,0,0,0,0,2805,912,0,0
642033889,610.655113,16.6666666666667,60.0,17.514,0.368,0,0,0,1960,0,false,0,0,0,0,0,0,0,2805,912,0,0
642051177,610.672401,16.6666666666667,60.0,17.514,0.368,0,0,0,1960,0,false,0,0,0,0,0,0,0,2805,912,0,0
642067114,610.688338,16.6666666666667,60.0,17.514,0.368,0,0,0,1960,0,false,0,0,0,0,0,0,0,2805,912,0,0
642084331,610.705555,16.6666666666667,60.0,17.514,0.368,0,0,0,1960,0,false,0,0,0,0,0,0,0,2805,912,0,0
642101040,610.722264,16.6666666666667,60.0,17.514,0.368,0,0,0,1960,0,false,0,0,0,0,0,0,0,2805,912,0,0
642117724,610.738948,16.6666666666667,60.0,17.514,0.368,0,0,0,1960,0,false,0,0,0,0,0,0,0,2805,912,0,0
642134254,610.755478,16.6666666666667,60.0,17.514,0.368,0,0,0,1960,0,false,0,0,0,0,0,0,0,2805,912,0,0
642150697,610.771921,16.6666666666667,60.0,17.514,0.368,0,0,0,1960,0,false,0,0,0,0,0,0,0,2805,912,0,0
642167075,610.788299,16.6666666666667,60.0,17.514,0.368,0,0,0,1960,0,false,0,0,0,0,0,0,0,2805,912,0,0
642184400,610.805624,16.6666666666667,60.0,17.514,0.368,0,0,0,1960,0,false,0,0,0,0,0,0,0,2805,912,0,0
642200954,610.822178,16.6666666666667,60.0,17.514,0.368,0,0,0,1960,0,false,0,0,0,0,0,0,0,2805,912,0,0
642217687,610.838911,16.6666666666667,60.0,17.514,0.368,0,0,0,1960,0,false,0,0,0,0,0,0,0,2805,912,0,0
642234289,610.855513,16.6666666666667,60.0,17.514,0.368,0,0,0,1960,0,false,0,0,0,0,0,0,0,2805,912,0,0
642250596,610.87182,16.6666666666667,60.0,17.514,0.368,0,0,0,1960,0,false,0,0,0,0,0,0,0,2805,912,0,0
642267364,610.888588,16.6666666666667,60.0,17.514,0.368,0,0,0,1960,0,false,0,0,0,0,0,0,0,2805,912,0,0
642284593,610.905817,16.6666666666667,60.0,17.514,0.368,0,0,0,1960,0,false,0,0,0,0,0,0,0,2805,912,0,0
642301002,610.922226,16.6666666666667,60.0,17.514,0.368,0,0,0,1960,0,false,0,0,0,0,0,0,0,2805,912,0,0
642317396,610.93862,16.6666666666667,60.0,17.514,0.368,0,0,0,1960,0,false,0,0,0,0,0,0,0,2805,912,0,0
642333522,610.954746,16.6666666666667,60.0,17.514,0.368,0,0,0,1960,0,false,0,0,0,0,0,0,0,2805,912,0,0
642350711,610.971935,16.6666666666667,60.0,17.514,0.368,0,0,0,1960,0,false,0,0,0,0,0,0,0,2805,912,0,0
642367194,610.988418,16.6666666666667,60.0,17.514,0.368,0,0,0,1960,0,false,0,0,0,0,0,0,0,2805,912,0,0
642383706,611.00493,16.6666666666667,60.0,17.514,0.368,0,0,0,1960,0,false,0,0,0,0,0,0,0,2805,912,0,0
642400506,611.02173,16.6666666666667,60.0,17.514,0.368,0,0,0,1960,0,false,0,0,0,0,0,0,0,2805,912,0,0
642417251,611.038475,16.6666666666667,60.0,17.514,0.368,0,0,0,1960,0,false,0,0,0,0,0,0,0,2805,912,0,0
642433843,611.055067,16.6666666666667,60.0,17.514,0.368,0,0,0,1960,0,false,0,0,0,0,0,0,0,2805,912,0,0
642450428,611.071652,16.6666666666667,60.0,17.514,0.368,0,0,0,1960,0,false,0,0,0,0,0,0,0,2805,912,0,0
642467068,611.088292,16.6666666666667,60.0,17.514,0.368,0,0,0,1960,0,false,0,0,0,0,0,0,0,2805,912,0,0
642483696,611.10492,16.6666666666667,60.0,17.514,0.368,0,0,0,1960,0,false,0,0,0,0,0,0,0,2805,912,0,0
642501248,611.122472,16.6666666666667,60.0,17.514,0.368,0,0,0,1960,0,false,0,0,0,0,0,0,0,2805,912,0,0
642517725,611.138949,16.6666666666667,60.0,17.514,0.368,0,0,0,1960,0,false,0,0,0,0,0,0,0,2805,912,0,0
642533762,611.154986,16.6666666666667,60.0,17.514,0.368,0,0,0,1960,0,false,0,0,0,0,0,0,0,2805,912,0,0
642550515,611.171739,16.6666666666667,60.0,17.514,0.368,0,0,0,1960,0,false,0,0,0,0,0,0,0,2805,912,0,0
642566540,611.187764,16.6666666666667,60.0,17.514,0.368,0,0,0,1960,0,false,0,0,0,0,0,0,0,2805,912,0,0
642583875,611.205099,16.6666666666667,60.0,17.514,0.368,0,0,0,1960,0,false,0,0,0,0,0,0,0,2805,912,0,0
642599975,611.221199,16.6666666666667,60.0,17.514,0.368,0,0,0,1960,0,false,0,0,0,0,0,0,0,2805,912,0,0
642616647,611.237871,16.6666666666667,60.0,17.514,0.368,0,0,0,1960,0,false,0,0,0,0,0,0,0,2805,912,0,0
642634117,611.255341,16.6666666666667,60.0,17.514,0.368,0,0,0,1960,0,false,0,0,0,0,0,0,0,2805,912,0,0
642650434,611.271658,16.6666666666667,60.0,17.514,0.368,0,0,0,1960,0,false,0,0,0,0,0,0,0,2805,912,0,0
642666458,611.287682,16.6666666666667,60.0,17.514,0.368,0,0,0,1960,0,false,0,0,0,0,0,0,0,2805,912,0,0
642683187,611.304411,16.6666666666667,60.0,17.514,0.368,0,0,0,1960,0,false,0,0,0,0,0,0,0,2805,912,0,0
642700684,611.321908,16.6666666666667,60.0,17.514,0.368,0,0,0,1960,0,false,0,0,0,0,0,0,0,2805,912,0,0
642717208,611.338432,16.6666666666667,60.0,17.514,0.368,0,0,0,1960,0,false,0,0,0,0,0,0,0,2805,912,0,0
642733908,611.355132,16.6666666666667,60.0,17.514,0.368,0,0,0,1960,0,false,0,0,0,0,0,0,0,2805,912,0,0
642750848,611.372072,16.6666666666667,60.0,17.514,0.368,0,0,0,1960,0,false,0,0,0,0,0,0,0,2805,912,0,0
642766918,611.388142,16.6666666666667,60.0,17.514,0.368,0,0,0,1960,0,false,0,0,0,0,0,0,0,2805,912,0,0
642783630,611.404854,16.6666666666667,60.0,17.514,0.368,0,0,0,1960,0,false,0,0,0,0,0,0,0,2805,912,0,0
642800652,611.421876,16.6666666666667,60.0,17.514,0.368,0,0,0,1960,0,false,0,0,0,0,0,0,0,2805,912,0,0
642817337,611.438561,16.6666666666667,60.0,17.514,0.368,0,0,0,1960,0,false,0,0,0,0,0,0,0,2805,912,0,0
642833701,611.454925,16.6666666666667,60.0,17.514,0.368,0,0,0,1960,0,false,0,0,0,0,0,0,0,2805,912,0,0
642850405,611.471629,16.6666666666667,60.0,17.514,0.368,0,0,0,1960,0,false,0,0,0,0,0,0,0,2805,912,0,0
642866439,611.487663,16.6666666666667,60.0,17.514,0.368,0,0,0,1960,0,false,0,0,0,0,0,0,0,2805,912,0,0
642883547,611.504771,16.6666666666667,60.0,17.514,0.368,0,0,0,1960,0,false,0,0,0,0,0,0,0,2805,912,0,0
642900271,611.521495,16.6666666666667,60.0,17.514,0.368,0,0,0,1960,0,false,0,0,0,0,0,0,0,2805,912,0,0
642917055,611.538279,16.6666666666667,60.0,17.514,0.368,0,0,0,1960,0,false,0,0,0,0,0,0,0,2805,912,0,0
642933499,611.554723,16.6666666666667,60.0,17.514,0.368,0,0,0,1960,0,false,0,0,0,0,0,0,0,2805,912,0,0
642950343,611.571567,16.6666666666667,60.0,17.514,0.368,0,0,0,1960,0,false,0,0,0,0,0,0,0,2805,912,0,0
642966864,611.588088,16.6666666666667,60.0,17.514,0.368,0,0,0,1960,0,false,0,0,0,0,0,0,0,2805,912,0,0
642983967,611.605191,16.6666666666667,60.0,17.514,0.368,0,0,0,1960,0,false,0,0,0,0,0,0,0,2805,912,0,0
643000197,611.621421,16.6666666666667,60.0,17.514,0.368,0,0,0,1960,0,false,0,0,0,0,0,0,0,2805,912,0,0
643017309,611.638533,16.6666666666667,60.0,16.636,0.343,0,0,0,1960,0,false,0,0,0,0,0,0,0,2805,912,0,0
643034015,611.655239,16.6666666666667,60.0,16.636,0.343,0,0,0,1960,0,false,0,0,0,0,0,0,0,2805,912,0,0
643050714,611.671938,16.6666666666667,60.0,16.636,0.343,0,0,0,1960,0,false,0,0,0,0,0,0,0,2805,912,0,0
643068167,611.689391,16.6666666666667,60.0,16.636,0.343,0,0,0,1960,0,false,0,0,0,0,0,0,0,2805,912,0,0
643083679,611.704903,16.6666666666667,60.0,16.636,0.343,0,0,0,1960,0,false,0,0,0,0,0,0,0,2805,912,0,0
643100450,611.721674,16.6666666666667,60.0,16.636,0.343,0,0,0,1960,0,false,0,0,0,0,0,0,0,2805,912,0,0
643117133,611.738357,16.6666666666667,60.0,16.636,0.343,0,0,0,1960,0,false,0,0,0,0,0,0,0,2805,912,0,0
643133766,611.75499,16.6666666666667,60.0,16.636,0.343,0,0,0,1960,0,false,0,0,0,0,0,0,0,2805,912,0,0
643150465,611.771689,16.6666666666667,60.0,16.636,0.343,0,0,0,1960,0,false,0,0,0,0,0,0,0,2805,912,0,0
643167506,611.78873,16.6666666666667,60.0,16.636,0.343,0,0,0,1960,0,false,0,0,0,0,0,0,0,2805,912,0,0
643184276,611.8055,16.6666666666667,60.0,16.636,0.343,0,0,0,1960,0,false,0,0,0,0,0,0,0,2805,912,0,0
643200339,611.821563,16.6666666666667,60.0,16.636,0.343,0,0,0,1960,0,false,0,0,0,0,0,0,0,2805,912,0,0
643217364,611.838588,16.6666666666667,60.0,16.636,0.343,0,0,0,1960,0,false,0,0,0,0,0,0,0,2805,912,0,0
643233769,611.854993,16.6666666666667,60.0,16.636,0.343,0,0,0,1960,0,false,0,0,0,0,0,0,0,2805,912,0,0
643250426,611.87165,16.6666666666667,60.0,16.636,0.343,0,0,0,1960,0,false,0,0,0,0,0,0,0,2805,912,0,0
643267162,611.888386,16.6666666666667,60.0,16.636,0.343,0,0,0,1960,0,false,0,0,0,0,0,0,0,2805,912,0,0
643283906,611.90513,16.6666666666667,60.0,16.636,0.343,0,0,0,1960,0,false,0,0,0,0,0,0,0,2805,912,0,0
643300450,611.921674,16.6666666666667,60.0,16.636,0.343,0,0,0,1960,0,false,0,0,0,0,0,0,0,2805,912,0,0
643317125,611.938349,16.6666666666667,60.0,16.636,0.343,0,0,0,1960,0,false,0,0,0,0,0,0,0,2805,912,0,0
643333991,611.955215,16.6666666666667,60.0,16.636,0.343,0,0,0,1960,0,false,0,0,0,0,0,0,0,2805,912,0,0
643350447,611.971671,16.6666666666667,60.0,16.636,0.343,0,0,0,1960,0,false,0,0,0,0,0,0,0,2805,912,0,0
643367146,611.98837,16.6666666666667,60.0,16.636,0.343,0,0,0,1960,0,false,0,0,0,0,0,0,0,2805,912,0,0
643383804,612.005028,16.6666666666667,60.0,16.636,0.343,0,0,0,1960,0,false,0,0,0,0,0,0,0,2805,912,0,0
643400599,612.021823,16.6666666666667,60.0,16.636,0.343,0,0,0,1960,0,false,0,0,0,0,0,0,0,2805,912,0,0
643417338,612.038562,16.6666666666667,60.0,16.636,0.343,0,0,0,1960,0,false,0,0,0,0,0,0,0,2805,912,0,0
643434143,612.055367,16.6666666666667,60.0,16.636,0.343,0,0,0,1960,0,false,0,0,0,0,0,0,0,2805,912,0,0
643450967,612.072191,16.6666666666667,60.0,16.636,0.343,0,0,0,1960,0,false,0,0,0,0,0,0,0,2805,912,0,0
643467453,612.088677,16.6666666666667,60.0,16.636,0.343,0,0,0,1960,0,false,0,0,0,0,0,0,0,2805,912,0,0
643483844,612.105068,16.6666666666667,60.0,16.636,0.343,0,0,0,1960,0,false,0,0,0,0,0,0,0,2805,912,0,0
643500509,612.121733,16.6666666666667,60.0,16.636,0.343,0,0,0,1960,0,false,0,0,0,0,0,0,0,2805,912,0,0
643517573,612.138797,16.6666666666667,60.0,16.636,0.343,0,0,0,1960,0,false,0,0,0,0,0,0,0,2805,912,0,0
643533719,612.154943,16.6666666666667,60.0,16.636,0.343,0,0,0,1960,0,false,0,0,0,0,0,0,0,2805,912,0,0
643550716,612.17194,16.6666666666667,60.0,16.636,0.343,0,0,0,1960,0,false,0,0,0,0,0,0,0,2805,912,0,0
643567555,612.188779,16.6666666666667,60.0,16.636,0.343,0,0,0,1960,0,false,0,0,0,0,0,0,0,2805,912,0,0
643584061,612.205285,16.6666666666667,60.0,16.636,0.343,0,0,0,1960,0,false,0,0,0,0,0,0,0,2805,912,0,0
643600408,612.221632,16.6666666666667,60.0,16.636,0.343,0,0,0,1960,0,false,0,0,0,0,0,0,0,2805,912,0,0
643617039,612.238263,16.6666666666667,60.0,16.636,0.343,0,0,0,1960,0,false,0,0,0,0,0,0,0,2805,912,0,0
643633623,612.254847,16.6666666666667,60.0,16.636,0.343,0,0,0,1960,0,false,0,0,0,0,0,0,0,2805,912,0,0
643650674,612.271898,16.6666666666667,60.0,16.636,0.343,0,0,0,1960,0,false,0,0,0,0,0,0,0,2805,912,0,0
643667745,612.288969,16.6666666666667,60.0,16.636,0.343,0,0,0,1960,0,false,0,0,0,0,0,0,0,2805,912,0,0
643683707,612.304931,16.6666666666667,60.0,16.636,0.343,0,0,0,1960,0,false,0,0,0,0,0,0,0,2805,912,0,0
643700350,612.321574,16.6666666666667,60.0,16.636,0.343,0,0,0,1960,0,false,0,0,0,0,0,0,0,2805,912,0,0
643717189,612.338413,16.6666666666667,60.0,16.636,0.343,0,0,0,1960,0,false,0,0,0,0,0,0,0,2805,912,0,0
643733714,612.354938,16.6666666666667,60.0,16.636,0.343,0,0,0,1960,0,false,0,0,0,0,0,0,0,2805,912,0,0
643750385,612.371609,16.6666666666667,60.0,16.636,0.343,0,0,0,1960,0,false,0,0,0,0,0,0,0,2805,912,0,0
643767051,612.388275,16.6666666666667,60.0,16.636,0.343,0,0,0,1960,0,false,0,0,0,0,0,0,0,2805,912,0,0
643783624,612.404848,16.6666666666667,60.0,16.636,0.343,0,0,0,1960,0,false,0,0,0,0,0,0,0,2805,912,0,0
643800487,612.421711,16.6666666666667,60.0,16.636,0.343,0,0,0,1960,0,false,0,0,0,0,0,0,0,2805,912,0,0
643817235,612.438459,16.6666666666667,60.0,16.636,0.343,0,0,0,1960,0,false,0,0,0,0,0,0,0,2805,912,0,0
643833585,612.454809,16.6666666666667,60.0,16.636,0.343,0,0,0,1960,0,false,0,0,0,0,0,0,0,2805,912,0,0
643850418,612.471642,16.6666666666667,60.0,16.636,0.343,0,0,0,1960,0,false,0,0,0,0,0,0,0,2805,912,0,0
643867010,612.488234,16.6666666666667,60.0,16.636,0.343,0,0,0,1960,0,false,0,0,0,0,0,0,0,2805,912,0,0
643883543,612.504767,16.6666666666667,60.0,16.636,0.343,0,0,0,1960,0,false,0,0,0,0,0,0,0,2805,912,0,0
643900294,612.521518,16.6666666666667,60.0,16.636,0.343,0,0,0,1960,0,false,0,0,0,0,0,0,0,2805,912,0,0
643916878,612.538102,16.6666666666667,60.0,16.636,0.343,0,0,0,1960,0,false,0,0,0,0,0,0,0,2805,912,0,0
643933546,612.55477,16.6666666666667,60.0,16.636,0.343,0,0,0,1960,0,false,0,0,0,0,0,0,0,2805,912,0,0
643950153,612.571377,16.6666666666667,60.0,16.636,0.343,0,0,0,1960,0,false,0,0,0,0,0,0,0,2805,912,0,0
643966888,612.588112,16.6666666666667,60.0,16.636,0.343,0,0,0,1960,0,false,0,0,0,0,0,0,0,2805,912,0,0
643983633,612.604857,16.6666666666667,60.0,16.636,0.343,0,0,0,1960,0,false,0,0,0,0,0,0,0,2805,912,0,0
644000158,612.621382,16.6666666666667,60.0,16.636,0.343,0,0,0,1960,0,false,0,0,0,0,0,0,0,2805,912,0,0
644016848,612.638072,16.6666666666667,60.0,16.406,0.25,0,0,0,1960,0,false,0,0,0,0,0,0,0,2805,912,0,0
644033601,612.654825,16.6666666666667,60.0,16.406,0.25,0,0,0,1960,0,false,0,0,0,0,0,0,0,2805,912,0,0
644050555,612.671779,16.6666666666667,60.0,16.406,0.25,0,0,0,1960,0,false,0,0,0,0,0,0,0,2805,912,0,0
644066968,612.688192,16.6666666666667,60.0,16.406,0.25,0,0,0,1960,0,false,0,0,0,0,0,0,0,2805,912,0,0
644084288,612.705512,16.6666666666667,60.0,16.406,0.25,0,0,0,1960,0,false,0,0,0,0,0,0,0,2805,912,0,0
644101565,612.722789,16.6666666666667,60.0,16.406,0.25,0,0,0,1960,0,false,0,0,0,0,0,0,0,2805,912,0,0
644117828,612.739052,16.6666666666667,60.0,16.406,0.25,0,0,0,1960,0,false,0,0,0,0,0,0,0,2805,912,0,0
644134394,612.755618,16.6666666666667,60.0,16.406,0.25,0,0,0,1960,0,false,0,0,0,0,0,0,0,2805,912,0,0
644150675,612.771899,16.6666666666667,60.0,16.406,0.25,0,0,0,1960,0,false,0,0,0,0,0,0,0,2805,912,0,0
644167650,612.788874,16.6666666666667,60.0,16.406,0.25,0,0,0,1960,0,false,0,0,0,0,0,0,0,2805,912,0,0
644184162,612.805386,16.6666666666667,60.0,16.406,0.25,0,0,0,1960,0,false,0,0,0,0,0,0,0,2805,912,0,0
644200764,612.821988,16.6666666666667,60.0,16.406,0.25,0,0,0,1960,0,false,0,0,0,0,0,0,0,2805,912,0,0
644217534,612.838758,16.6666666666667,60.0,16.406,0.25,0,0,0,1960,0,false,0,0,0,0,0,0,0,2805,912,0,0
644234233,612.855457,16.6666666666667,60.0,16.406,0.25,0,0,0,1960,0,false,0,0,0,0,0,0,0,2805,912,0,0
644250725,612.871949,16.6666666666667,60.0,16.406,0.25,0,0,0,1960,0,false,0,0,0,0,0,0,0,2805,912,0,0
644267163,612.888387,16.6666666666667,60.0,16.406,0.25,0,0,0,1960,0,false,0,0,0,0,0,0,0,2805,912,0,0
644283847,612.905071,16.6666666666667,60.0,16.406,0.25,0,0,0,1960,0,false,0,0,0,0,0,0,0,2805,912,0,0
644300853,612.922077,16.6666666666667,60.0,16.406,0.25,0,0,0,1960,0,false,0,0,0,0,0,0,0,2805,912,0,0
644317282,612.938506,16.6666666666667,60.0,16.406,0.25,0,0,0,1960,0,false,0,0,0,0,0,0,0,2805,912,0,0
644333930,612.955154,16.6666666666667,60.0,16.406,0.25,0,0,0,1960,0,false,0,0,0,0,0,0,0,2805,912,0,0
644350476,612.9717,16.6666666666667,60.0,16.406,0.25,0,0,0,1960,0,false,0,0,0,0,0,0,0,2805,912,0,0
644367771,612.988995,16.6666666666667,60.0,16.406,0.25,0,0,0,1960,0,false,0,0,0,0,0,0,0,2805,912,0,0
644383805,613.005029,16.6666666666667,60.0,16.406,0.25,0,0,0,1960,0,false,0,0,0,0,0,0,0,2805,912,0,0
644400770,613.021994,16.6666666666667,60.0,16.406,0.25,0,0,0,1960,0,false,0,0,0,0,0,0,0,2805,912,0,0
644417231,613.038455,16.6666666666667,60.0,16.406,0.25,0,0,0,1960,0,false,0,0,0,0,0,0,0,2805,912,0,0
644434186,613.05541,16.6666666666667,60.0,16.406,0.25,0,0,0,1960,0,false,0,0,0,0,0,0,0,2805,912,0,0
644450847,613.072071,16.6666666666667,60.0,16.406,0.25,0,0,0,1960,0,false,0,0,0,0,0,0,0,2805,912,0,0
644467077,613.088301,16.6666666666667,60.0,16.406,0.25,0,0,0,1960,0,false,0,0,0,0,0,0,0,2805,912,0,0
644484479,613.105703,16.6666666666667,60.0,16.406,0.25,0,0,0,1960,0,false,0,0,0,0,0,0,0,2805,912,0,0
644500472,613.121696,16.6666666666667,60.0,16.406,0.25,0,0,0,1960,0,false,0,0,0,0,0,0,0,2805,912,0,0
644516932,613.138156,16.6666666666667,60.0,16.406,0.25,0,0,0,1960,0,false,0,0,0,0,0,0,0,2805,912,0,0
644533687,613.154911,16.6666666666667,60.0,16.406,0.25,0,0,0,1960,0,false,0,0,0,0,0,0,0,2805,912,0,0
644550122,613.171346,16.6666666666667,60.0,16.406,0.25,0,0,0,1960,0,false,0,0,0,0,0,0,0,2805,912,0,0
644566772,613.187996,16.6666666666667,60.0,16.406,0.25,0,0,0,1960,0,false,0,0,0,0,0,0,0,2805,912,0,0
644583540,613.204764,16.6666666666667,60.0,16.406,0.25,0,0,0,1960,0,false,0,0,0,0,0,0,0,2805,912,0,0
644600340,613.221564,16.6666666666667,60.0,16.406,0.25,0,0,0,1960,0,false,0,0,0,0,0,0,0,2805,912,0,0
644617029,613.238253,16.6666666666667,60.0,16.406,0.25,0,0,0,1960,0,false,0,0,0,0,0,0,0,2805,912,0,0
644633607,613.254831,16.6666666666667,60.0,16.406,0.25,0,0,0,1960,0,false,0,0,0,0,0,0,0,2805,912,0,0
644650423,613.271647,16.6666666666667,60.0,16.406,0.25,0,0,0,1960,0,false,0,0,0,0,0,0,0,2805,912,0,0
644666765,613.287989,16.6666666666667,60.0,16.406,0.25,0,0,0,1960,0,false,0,0,0,0,0,0,0,2805,912,0,0
644683586,613.30481,16.6666666666667,60.0,16.406,0.25,0,0,0,1960,0,false,0,0,0,0,0,0,0,2805,912,0,0
644700274,613.321498,16.6666666666667,60.0,16.406,0.25,0,0,0,1960,0,false,0,0,0,0,0,0,0,2805,912,0,0
644716792,613.338016,16.6666666666667,60.0,16.406,0.25,0,0,0,1960,0,false,0,0,0,0,0,0,0,2805,912,0,0
644733364,613.354588,16.6666666666667,60.0,16.406,0.25,0,0,0,1960,0,false,0,0,0,0,0,0,0,2805,912,0,0
644750399,613.371623,16.6666666666667,60.0,16.406,0.25,0,0,0,1960,0,false,0,0,0,0,0,0,0,2805,912,0,0
644766841,613.388065,16.6666666666667,60.0,16.406,0.25,0,0,0,1960,0,false,0,0,0,0,0,0,0,2805,912,0,0
644783832,613.405056,16.6666666666667,60.0,16.406,0.25,0,0,0,1960,0,false,0,0,0,0,0,0,0,2805,912,0,0
644800139,613.421363,16.6666666666667,60.0,16.406,0.25,0,0,0,1960,0,false,0,0,0,0,0,0,0,2805,912,0,0
644817061,613.438285,16.6666666666667,60.0,16.406,0.25,0,0,0,1960,0,false,0,0,0,0,0,0,0,2805,912,0,0
644833474,613.454698,16.6666666666667,60.0,16.406,0.25,0,0,0,1960,0,false,0,0,0,0,0,0,0,2805,912,0,0
644850128,613.471352,16.6666666666667,60.0,16.406,0.25,0,0,0,1960,0,false,0,0,0,0,0,0,0,2805,912,0,0
644866963,613.488187,16.6666666666667,60.0,16.406,0.25,0,0,0,1960,0,false,0,0,0,0,0,0,0,2805,912,0,0
644883537,613.504761,16.6666666666667,60.0,16.406,0.25,0,0,0,1960,0,false,0,0,0,0,0,0,0,2805,912,0,0
644900123,613.521347,16.6666666666667,60.0,16.406,0.25,0,0,0,1960,0,false,0,0,0,0,0,0,0,2805,912,0,0
644916786,613.53801,16.6666666666667,60.0,16.406,0.25,0,0,0,1960,0,false,0,0,0,0,0,0,0,2805,912,0,0
644934044,613.555268,16.6666666666667,60.0,16.406,0.25,0,0,0,1960,0,false,0,0,0,0,0,0,0,2805,912,0,0
644950166,613.57139,16.6666666666667,60.0,16.406,0.25,0,0,0,1960,0,false,0,0,0,0,0,0,0,2805,912,0,0
644966939,613.588163,16.6666666666667,60.0,16.406,0.25,0,0,0,1960,0,false,0,0,0,0,0,0,0,2805,912,0,0
644983731,613.604955,16.6666666666667,60.0,16.406,0.25,0,0,0,1960,0,false,0,0,0,0,0,0,0,2805,912,0,0
645000364,613.621588,16.6666666666667,60.0,16.406,0.25,0,0,0,1960,0,false,0,0,0,0,0,0,0,2805,912,0,0
645017001,613.638225,16.6666666666667,60.0,16.674,0.258,0,0,0,1960,0,false,0,0,0,0,0,0,0,2805,912,0,0
645033695,613.654919,16.6666666666667,60.0,16.674,0.258,0,0,0,1960,0,false,0,0,0,0,0,0,0,2805,912,0,0
645050488,613.671712,16.6666666666667,60.0,16.674,0.258,0,0,0,1960,0,false,0,0,0,0,0,0,0,2805,912,0,0
645066747,613.687971,16.6666666666667,60.0,16.674,0.258,0,0,0,1960,0,false,0,0,0,0,0,0,0,2805,912,0,0
645083481,613.704705,16.6666666666667,60.0,16.674,0.258,0,0,0,1960,0,false,0,0,0,0,0,0,0,2805,912,0,0
645100423,613.721647,16.6666666666667,60.0,16.674,0.258,0,0,0,1960,0,false,0,0,0,0,0,0,0,2805,912,0,0
645116871,613.738095,16.6666666666667,60.0,16.674,0.258,0,0,0,1960,0,false,0,0,0,0,0,0,0,2805,912,0,0
645133872,613.755096,16.6666666666667,60.0,16.674,0.258,0,0,0,1960,0,false,0,0,0,0,0,0,0,2805,912,0,0
645150056,613.77128,16.6666666666667,60.0,16.674,0.258,0,0,0,1960,0,false,0,0,0,0,0,0,0,2805,912,0,0
645167251,613.788475,16.6666666666667,60.0,16.674,0.258,0,0,0,1960,0,false,0,0,0,0,0,0,0,2805,912,0,0
645183466,613.80469,16.6666666666667,60.0,16.674,0.258,0,0,0,1960,0,false,0,0,0,0,0,0,0,2805,912,0,0
645200428,613.821652,16.6666666666667,60.0,16.674,0.258,0,0,0,1960,0,false,0,0,0,0,0,0,0,2805,912,0,0
645217017,613.838241,16.6666666666667,60.0,16.674,0.258,0,0,0,1960,0,false,0,0,0,0,0,0,0,2805,912,0,0
645233490,613.854714,16.6666666666667,60.0,16.674,0.258,0,0,0,1960,0,false,0,0,0,0,0,0,0,2805,912,0,0
645250381,613.871605,16.6666666666667,60.0,16.674,0.258,0,0,0,1960,0,false,0,0,0,0,0,0,0,2805,912,0,0
645267379,613.888603,16.6666666666667,60.0,16.674,0.258,0,0,0,1960,0,false,0,0,0,0,0,0,0,2805,912,0,0
645283840,613.905064,16.6666666666667,60.0,16.674,0.258,0,0,0,1960,0,false,0,0,0,0,0,0,0,2805,912,0,0
645300391,613.921615,16.6666666666667,60.0,16.674,0.258,0,0,0,1960,0,false,0,0,0,0,0,0,0,2805,912,0,0
645317353,613.938577,16.6666666666667,60.0,16.674,0.258,0,0,0,1960,0,false,0,0,0,0,0,0,0,2805,912,0,0
645333990,613.955214,16.6666666666667,60.0,16.674,0.258,0,0,0,1960,0,false,0,0,0,0,0,0,0,2805,912,0,0
645350907,613.972131,16.6666666666667,60.0,16.674,0.258,0,0,0,1960,0,false,0,0,0,0,0,0,0,2805,912,0,0
